-2.334008757157295388e+00,-1.295666509282331624e+00,5.275004389816889905e+00
-2.042038704811928174e+00,-3.301381980934922744e+00,8.629321937301343226e+00
-2.721983389137744069e+00,-1.927364961405440669e+00,5.859082234758497876e+00
-2.035681686513263422e+00,-1.340555390528249236e+00,5.571840846315018858e+00
-2.129779341270572779e+00,-3.332439169439334492e+00,8.530896766520109864e+00
-2.020348734231785404e+00,-2.341339639222058011e+00,7.244252532241749698e+00
-2.326250095173735044e+00,-2.431508364042317183e+00,6.883573829541355771e+00
-2.358482101297411759e+00,-1.819743668257519431e+00,5.843352367743396059e+00
-2.213933127865283623e+00,-9.911885753569905644e-01,5.600017234395858523e+00
-2.121263633735006149e+00,-1.258554936435602123e+00,6.037700096538148209e+00
-2.092979408344119996e+00,-1.213613200272416037e+00,5.587718477489961089e+00
-2.422912612278268707e+00,-1.939197028193476280e+00,6.017894915668938083e+00
-2.113612351763439090e+00,-1.140955409637517182e+00,5.521307401402288484e+00
-2.188406440762858729e+00,-1.719919506100154427e+00,5.766841637337000392e+00
-2.900468796359863877e+00,-2.384271945003053617e+00,6.527860862428528144e+00
-3.015660148223143988e+00,-2.729468423332973792e+00,7.045455022819901991e+00
-2.030561982444330837e+00,-1.284820889621822504e+00,5.464030591576258367e+00
-2.021701965361145437e+00,-2.393269522347193590e+00,7.027786271168334764e+00
-2.076441468812364466e+00,-2.292818378526347622e+00,6.792755717582815045e+00
-2.529763806068405785e+00,-2.327969546441281068e+00,6.614413988072188388e+00
-2.063914874603072658e+00,-2.030612936767276278e+00,6.366061611489988614e+00
-2.746864659835492439e+00,-2.262325432381799395e+00,6.396801871245356708e+00
-2.758769524638577497e+00,-1.804035357867120215e+00,5.635955383522330386e+00
-2.063914874603072658e+00,-2.030612936767276278e+00,6.366061611489988614e+00
-2.979635845621859680e+00,-1.847358551718803588e+00,5.625224143420147094e+00
-2.694735503156891365e+00,-2.033864699303154389e+00,6.053002627138874381e+00
-2.914943889689385337e+00,-3.371472974514642562e+00,8.117200417194258222e+00
-2.285888823313642959e+00,-3.359335272762402624e+00,8.439872951396726108e+00
-2.132223150031911096e+00,-1.194111229069920954e+00,5.888324785495130165e+00
-2.771065056894220113e+00,-2.218602954968652785e+00,6.319755945307222511e+00
-2.856709261436070957e+00,-1.902280121824069248e+00,5.759566447146905688e+00
-2.596238946654411350e+00,-1.203294581211810765e+00,5.503036955781890782e+00
-2.741401024728919111e+00,-1.264867571850418093e+00,5.551987939264125593e+00
-2.325689405845611901e+00,-2.113169099749515834e+00,6.336548124195945597e+00
-2.987955653823286983e+00,-1.831662735500211081e+00,5.600186284651744728e+00
-2.120929736609674876e+00,-1.519925888605355047e+00,5.494693942189861957e+00
-2.229592687371482196e+00,-1.732392047692413062e+00,5.770534826558568753e+00
-2.569140787729245368e+00,-1.755398097725520579e+00,5.638505144409125869e+00
-2.923453688153335950e+00,-2.111446046360397677e+00,6.081409065375937395e+00
-2.083982256744239869e+00,-2.003701977253534494e+00,6.322921908196642349e+00
-2.923845395973522443e+00,-1.471926388746149117e+00,5.545311229787399654e+00
-2.321704761290404040e+00,-2.424470757353322181e+00,6.865149151455939958e+00
-2.566220881586697811e+00,-1.732596874322112512e+00,5.597014362246781616e+00
-2.929310186542958050e+00,-2.144352664849612733e+00,6.134108387788907102e+00
-2.433797601128912191e+00,-2.848241196785868290e+00,7.543389494685510677e+00
-2.220278536983952389e+00,-3.089695085578657352e+00,8.075520128324971125e+00
-2.899411022856840603e+00,-2.164370759371519348e+00,6.185579660599894503e+00
-2.132249412149733736e+00,-1.424831083455647462e+00,6.347141529395669224e+00
-2.616414595297928525e+00,-3.321632037106179602e+00,8.196895138400060787e+00
-2.512079483043046846e+00,-1.291126737503295097e+00,5.406564241756042222e+00
-2.880916059180281596e+00,-2.004100594175753258e+00,5.909041409632716402e+00
-3.036822746711909105e+00,-2.247332450821973637e+00,6.247330792539087518e+00
-2.737807122409038119e+00,-1.704819695650767519e+00,5.478428132502089376e+00
-3.050891516555409577e+00,-2.215638946079030003e+00,6.214894065213372620e+00
-2.455667908996326254e+00,-1.201075052527607268e+00,5.411880152929452237e+00
-2.134484526996355935e+00,-2.016141899784998248e+00,6.285354895870256975e+00
-2.781315721003428720e+00,-1.764788763468536192e+00,5.558736987246184036e+00
-2.308462651322695791e+00,-1.977610978503734129e+00,6.134445103001385569e+00
-2.367003114920408269e+00,-1.793219123093341638e+00,5.795545898822394904e+00
-2.309484241074728939e+00,-2.255448179030617784e+00,6.594752829752797751e+00
-3.033910044003086615e+00,-1.982851678869677725e+00,5.823579846055868536e+00
-2.403771587195128845e+00,-1.754689558287599871e+00,5.705874562831139585e+00
-2.135063770033514885e+00,-1.706933990881106533e+00,5.773071631389153247e+00
-2.124754197238681641e+00,-1.227413411268501342e+00,5.944004294707172953e+00
-2.434774106430578566e+00,-2.798886474028525750e+00,7.466173350793811281e+00
-2.065871490914606312e+00,-2.672072781509460260e+00,7.455075448989709308e+00
-2.424243126352615629e+00,-2.822299280070215577e+00,7.498327586678885659e+00
-2.451650927991876117e+00,-1.716432639461856535e+00,5.639426980831084180e+00
-2.824941047015784079e+00,-2.088804219836044584e+00,6.089851808894855445e+00
-3.094741223392543095e+00,-1.919975624128969161e+00,5.717242589340211012e+00
-2.856856382079132839e+00,-1.881223111672173154e+00,5.727760711159350038e+00
-2.873770830681487976e+00,-1.417621313672714267e+00,5.549377747611409006e+00
-2.860194968039088348e+00,-1.875332564353286546e+00,5.710659177016348842e+00
-2.942703783196356948e+00,-2.381086248576027575e+00,6.523761992366285511e+00
-2.051794470884586996e+00,-3.094377242474222189e+00,8.165023668706375304e+00
-2.966404852674608517e+00,-1.843621150123503138e+00,5.636301777200127816e+00
-2.747783701694331615e+00,-2.008924400073428096e+00,5.981298929154696964e+00
-2.743866872848439886e+00,-1.989232058742838927e+00,5.945716748066991464e+00
-2.609067385423154306e+00,-1.741608331477376481e+00,5.595920004522073832e+00
-2.288379778717870572e+00,-2.236496466820367957e+00,6.562826835868412090e+00
-2.206384402744019368e+00,-1.520242154749435359e+00,5.429341735179159301e+00
-2.573195514074986701e+00,-1.810111726572742885e+00,5.715855492058380172e+00
-2.124754197238681641e+00,-1.227413411268501342e+00,5.944004294707172953e+00
-2.212025662473711130e+00,-1.653385906689466944e+00,5.650960950064969346e+00
-2.309830614843437324e+00,-2.754711010696063056e+00,7.438298859833770038e+00
-2.071036352436423922e+00,-2.280477043998481168e+00,6.775362158740053431e+00
-2.852478051250336488e+00,-1.857038077947682941e+00,5.680107004379954638e+00
-2.942495957686009689e+00,-2.173023897588147069e+00,6.164702946494553970e+00
-2.883661348577828853e+00,-2.610534744638462357e+00,6.929062572020608712e+00
-2.709261561384055828e+00,-2.811357858896574413e+00,7.341609097134062623e+00
-2.689964182684690286e+00,-1.783241243738828530e+00,5.642834193249583130e+00
-2.199031947150073663e+00,-1.087927902370828148e+00,5.394972087090495805e+00
-2.089420274924317589e+00,-1.282129851175265456e+00,5.698401400293919394e+00
-2.546328245258225653e+00,-1.930782309968201549e+00,5.940367596706516373e+00
-2.399138629532941547e+00,-2.227530083753972434e+00,6.513225960523047142e+00
-2.935757438432489597e+00,-1.448836461224417560e+00,5.571973685346954142e+00
-2.110136949641367998e+00,-1.592745257404614145e+00,5.599203459829827700e+00
-3.035793730816590763e+00,-2.256964589487438388e+00,6.282236630925291720e+00
-2.086893471264965605e+00,-2.552114324907360121e+00,7.232583798472155046e+00
-2.694735503156891365e+00,-2.033864699303154389e+00,6.053002627138874381e+00
-3.025421266435260659e+00,-1.849142232803757890e+00,5.617101348409687667e+00
-3.024398152437842491e+00,-2.414031752954484134e+00,6.526846303448687436e+00
-2.688248829942054385e+00,-2.041939980113141928e+00,6.056555432878932166e+00
-2.100303836896296072e+00,-1.698883616660613827e+00,6.580849500168609367e+00
-2.762843133223599867e+00,-1.359468426849412825e+00,5.505075634514036587e+00
-2.972533155978610342e+00,-2.767289532272269259e+00,7.141173818247241734e+00
-2.440290924936117545e+00,-1.712138347794238014e+00,5.624971240655461280e+00
-2.752746310248777473e+00,-2.896221154796417618e+00,7.470091865134140363e+00
-2.529388776362289537e+00,-1.772023027159840503e+00,5.682317191957970692e+00
-3.063560139916926772e+00,-2.590902556816330193e+00,6.806775666674496961e+00
-2.965183556187052094e+00,-2.135711589686143608e+00,6.105558929848575289e+00
-2.944251733255643710e+00,-3.215563945513947530e+00,7.900779193553529645e+00
-2.855614186551430844e+00,-2.673137655607308982e+00,7.042103585785363329e+00
-2.508046091078520945e+00,-1.691258741171109969e+00,5.559574185784595279e+00
-2.150361895948987634e+00,-1.034861857495536830e+00,5.557265507227493906e+00
-2.270428357010657372e+00,-2.649951264434435849e+00,7.293720008360703666e+00
-2.771323830541409627e+00,-1.718193683612142086e+00,5.489548526208718471e+00
-2.309830614843437324e+00,-2.754711010696063056e+00,7.438298859833770038e+00
-2.438782245073913835e+00,-2.840904142699032686e+00,7.530155233591381503e+00
-2.187293414872675701e+00,-2.149525483163960526e+00,6.492909981500885053e+00
-2.266473523463232720e+00,-1.578962023473960752e+00,5.497189269503585329e+00
-2.439554883211445091e+00,-2.821402732809198621e+00,7.494982060957780412e+00
-2.458173566594680004e+00,-1.937801934070620513e+00,5.995776144290706711e+00
-2.256190224640578279e+00,-1.731320310238435578e+00,5.744277984405480098e+00
-2.736601338614407464e+00,-1.707511595715644370e+00,5.484379772433669586e+00
-3.041948853683626997e+00,-2.172670797629702388e+00,6.132288805840077295e+00
-2.580808266329629674e+00,-2.335171556856113995e+00,6.601424589470509474e+00
-2.528991305540702506e+00,-1.765506187317493758e+00,5.674926301463485423e+00
-2.906085495770409199e+00,-2.856932469926377394e+00,7.323602620108352390e+00
-3.026048234330346087e+00,-2.285409459758856787e+00,6.319333478220540812e+00
-2.757115959724354415e+00,-2.110023616046063033e+00,6.143912759093376863e+00
-2.185595713409590246e+00,-2.947952627176678053e+00,7.849567794565259327e+00
-2.420098721222247118e+00,-2.668178192404611959e+00,7.249561329572623336e+00
-2.086311368690974444e+00,-1.920156946720178226e+00,6.750580882087381163e+00
-2.842711785506134348e+00,-1.884763720404835974e+00,5.746232154522846969e+00
-2.943831753899348591e+00,-2.537410183443715272e+00,6.782855667865621996e+00
-2.206384402744019368e+00,-1.520242154749435359e+00,5.429341735179159301e+00
-2.102022817382679598e+00,-2.264803668751272259e+00,6.748252528045523668e+00
-3.013405071816444902e+00,-2.784375721869366771e+00,7.149587116549182220e+00
-2.987089257383584329e+00,-1.840102399790235488e+00,5.613054801775143154e+00
-2.256361644887110440e+00,-2.198496435518359604e+00,6.520855750854624766e+00
-2.506860823597580890e+00,-1.677983042308211603e+00,5.526438840004004760e+00
-2.798090945515853356e+00,-1.748375230084863619e+00,5.527578589691250599e+00
-2.964907974295874826e+00,-2.745082568921026311e+00,7.110208792602216832e+00
-2.117413074317173294e+00,-1.107230657980292632e+00,5.569552315591428382e+00
-2.154718614529222531e+00,-1.564673922479895340e+00,5.534274281342291602e+00
-2.766112790503525432e+00,-1.991027478664159522e+00,5.936837031675332277e+00
-2.247058108893473349e+00,-1.727482525836946614e+00,5.743481466523897794e+00
-2.755295168604348088e+00,-3.120869532913301381e+00,7.828959777846513646e+00
-2.165288966082386413e+00,-1.704755536077178668e+00,5.758191850694132086e+00
-2.927477439019210426e+00,-2.450227245111330721e+00,6.609600772423181780e+00
-2.314164523526324846e+00,-1.670988722258578418e+00,5.617344216609137852e+00
-2.190338635785575416e+00,-1.739502432305195301e+00,5.814467095371957051e+00
-2.905394762208504567e+00,-2.711918755733481845e+00,7.075942308026277772e+00
-2.494777061223057757e+00,-2.478011718532600494e+00,6.889734695270107068e+00
-2.925788384913416529e+00,-2.477383231398379682e+00,6.688769427661489964e+00
-2.480043528684489296e+00,-1.830238338388365582e+00,5.813414107408472198e+00
-2.223040583589358743e+00,-2.762265768518409104e+00,7.509120162652679120e+00
-2.745831289299437650e+00,-2.017941379913208877e+00,5.996999650918390046e+00
-2.749967938063839767e+00,-2.331942486681113813e+00,6.526406961424029873e+00
-3.015375374888073168e+00,-2.058949449034943147e+00,5.966456389634299029e+00
-2.965967411126449349e+00,-1.525407527912577610e+00,5.553074428217702696e+00
-3.018025158901922023e+00,-2.692318350129357718e+00,7.004227313657332310e+00
-2.877887222513617616e+00,-2.627216140355552287e+00,6.956155126858797999e+00
-2.117766726252413356e+00,-1.343004078404394175e+00,6.115146674237860402e+00
-2.218260264856141806e+00,-2.916208217719664209e+00,7.778646109068338532e+00
-2.935210870095583680e+00,-2.131732324346925722e+00,6.104372416056864203e+00
-2.106893023940893173e+00,-1.395841738566374834e+00,5.938123520002299927e+00
-2.246213983259504499e+00,-2.905338941237726402e+00,7.746196910092328913e+00
-2.492482133844958536e+00,-3.238365350864038650e+00,8.156331949707789519e+00
-2.171394449712689578e+00,-1.627755116874916475e+00,5.622653924433273609e+00
-2.685488659297255776e+00,-3.213833134165668515e+00,8.041602151047383629e+00
-2.082158024180211786e+00,-1.796466701507004382e+00,6.686576284288967109e+00
-2.202966902219352097e+00,-3.149097893766004574e+00,8.179217854614195815e+00
-3.037467438268441011e+00,-2.487133991715576808e+00,6.651147585492714676e+00
-2.234486533995990065e+00,-2.541208632738269468e+00,7.124956479014391775e+00
-2.490640043389825919e+00,-2.493024337747240082e+00,6.908299327674444434e+00
-2.740533926313442059e+00,-2.307660511315453356e+00,6.478066530016346469e+00
-2.720113006580880732e+00,-1.720056529427572700e+00,5.509275810491183201e+00
-2.261616467141322584e+00,-3.263996671094281155e+00,8.330998367031229535e+00
-2.187172326451343185e+00,-2.377197589707828129e+00,6.892047400609548014e+00
-3.043994884337211548e+00,-2.233198727423250318e+00,6.233320180768869179e+00
-2.790720386961274002e+00,-1.723616936937877320e+00,5.485292821072107472e+00
-3.012249472139699069e+00,-1.839642989985571075e+00,5.614024791333157793e+00
-2.991161050058245063e+00,-2.533402425172709194e+00,6.751827291147447063e+00
-2.216719372942532740e+00,-1.571698057236865509e+00,5.509464310644109908e+00
-2.806427373528391112e+00,-2.651851855678354575e+00,7.025732940399328719e+00
-2.086965551915263895e+00,-1.309587615878994971e+00,5.750405821753936664e+00
-2.991943952481227242e+00,-2.191879227309023737e+00,6.187260165319958816e+00
-2.508046091078520945e+00,-1.691258741171109969e+00,5.559574185784595279e+00
-2.528991305540702506e+00,-1.765506187317493758e+00,5.674926301463485423e+00
-2.981123964387672132e+00,-2.739991461003615125e+00,7.099020682589975095e+00
-2.695007479309342369e+00,-2.952676890576932944e+00,7.593476895665227211e+00
-2.284944066316968669e+00,-1.563821881846169104e+00,5.469182897730763493e+00
-2.115250777460425002e+00,-1.544762906256882395e+00,5.509533716852432761e+00
-2.207658949583957142e+00,-3.139908458256992940e+00,8.168098586136883554e+00
-2.708466202118557931e+00,-1.730470068061589650e+00,5.536710479667789286e+00
-2.725215955264977286e+00,-1.848300300987420375e+00,5.724979578204616892e+00
-2.940419974952603877e+00,-2.224931370994162716e+00,6.255354122193758748e+00
-2.965308158870134658e+00,-2.405967233121976800e+00,6.549563271871907233e+00
-2.900189925617935760e+00,-1.404998823249679951e+00,5.566911420282329992e+00
-2.922945260915026378e+00,-1.400796007631998075e+00,5.590103037933582542e+00
-2.619407325974965062e+00,-2.463210053492632667e+00,6.804741597940780373e+00
-2.709399961730966755e+00,-1.817958403438673987e+00,5.681129550251825755e+00
-2.692259877117967548e+00,-1.810330769186513589e+00,5.674586528364729432e+00
-2.289997862824952435e+00,-1.594587124904927933e+00,5.506950858674668936e+00
-2.184681434110794296e+00,-1.634963495554525137e+00,5.631355767554023117e+00
-2.097055603627423270e+00,-1.748241157874663054e+00,6.543234318884381118e+00
-2.776475947503428632e+00,-1.349210397907030679e+00,5.518176909271071295e+00
-2.177756238041106407e+00,-2.043638233563905171e+00,6.310956734291715442e+00
-2.117413074317173294e+00,-1.107230657980292632e+00,5.569552315591428382e+00
-2.790133436690151569e+00,-1.909646629626478909e+00,5.790950581181568246e+00
-2.989275949875200400e+00,-2.419377924660142565e+00,6.560209190409262092e+00
-2.773344792129107894e+00,-1.394205200776780451e+00,5.498655332114397609e+00
-2.189582080130870523e+00,-2.356626932498874893e+00,6.830321848239802485e+00
-2.823859372604089923e+00,-1.785259300111231351e+00,5.579927576179366078e+00
-2.978097585769619915e+00,-1.480124680212548949e+00,5.590605493013832472e+00
-2.286550187257216482e+00,-1.951528674767917471e+00,6.104316291352222201e+00
-2.684256897712297363e+00,-1.723934332137445624e+00,5.531270310255816725e+00
-2.874105484314914083e+00,-3.108610576338834530e+00,7.761584510003594062e+00
-2.786543077179658212e+00,-2.047097265874225691e+00,6.021553632504002884e+00
-2.740049485330235512e+00,-2.093239701370141592e+00,6.121184831036027951e+00
-2.313675010497088458e+00,-1.957886990826595675e+00,6.107543568240690668e+00
-2.075411284686189184e+00,-2.042115264926478435e+00,6.985694247507472809e+00
-2.599033667166597450e+00,-1.290290198268784883e+00,5.424796465341423790e+00
-2.248264955465459014e+00,-2.351648946236327475e+00,6.795737397727924289e+00
-2.444909046021580767e+00,-2.331440912057191284e+00,6.664276222492613755e+00
-2.577161121313776615e+00,-2.339223268048292059e+00,6.612500389860646699e+00
-2.778392137511896731e+00,-2.607394459873087822e+00,6.972382333226260442e+00
-2.947881748454626916e+00,-2.122931892368142393e+00,6.084379348674596955e+00
-2.112431125694718137e+00,-1.280458789973047962e+00,5.812024079834020363e+00
-2.946935143880919039e+00,-2.131406770524216121e+00,6.097840295445156933e+00
-2.093924909729696360e+00,-1.487789023703160352e+00,6.145339292414364607e+00
-2.976654990135900292e+00,-2.453867885400813353e+00,6.624974857430627750e+00
-2.219866732937105347e+00,-2.846690117904988604e+00,7.645433901510124031e+00
-2.198574000061659817e+00,-1.646055384439382818e+00,5.641991122134641046e+00
-2.679732243400401615e+00,-2.071051723347538509e+00,6.108841986566513782e+00
-2.082870880026016280e+00,-2.558653143898502957e+00,8.036247011155126074e+00
-2.937251647094369922e+00,-1.986770641174401275e+00,5.875018611722904183e+00
-2.986335028775835454e+00,-1.814723556733023768e+00,5.574607889467846356e+00
-2.749967938063839767e+00,-2.331942486681113813e+00,6.526406961424029873e+00
-2.834281277408851718e+00,-1.829503225145026279e+00,5.642219500055566606e+00
-2.750454414886703614e+00,-1.781860724758428383e+00,5.604722445546538090e+00
-2.055655806360150439e+00,-2.387828445087509799e+00,6.978987875810394925e+00
-2.223547066803805539e+00,-1.961538960686548538e+00,6.154837185751997453e+00
-2.992447547991757162e+00,-1.972611290276074181e+00,5.824122370996102305e+00
-2.328782498213919361e+00,-1.110406093086300006e+00,5.423645135531558914e+00
-3.043690484945702046e+00,-1.936501793849412900e+00,5.744809553573275274e+00
-2.685488659297255776e+00,-3.213833134165668515e+00,8.041602151047383629e+00
-2.680666194624951260e+00,-3.000339333269018915e+00,7.677973322903194564e+00
-2.256361644887110440e+00,-2.198496435518359604e+00,6.520855750854624766e+00
-2.925788384913416529e+00,-2.477383231398379682e+00,6.688769427661489964e+00
-2.167703377016479749e+00,-1.638021766997888262e+00,5.640291678443707823e+00
-2.225275051992099407e+00,-2.067473775794384849e+00,6.319830010979130108e+00
-2.876779043031655991e+00,-2.604233086193655122e+00,6.913688479302276590e+00
-2.223547066803805539e+00,-1.961538960686548538e+00,6.154837185751997453e+00
-2.507150113757813603e+00,-1.829822210425976925e+00,5.804611851725863580e+00
-2.080774317011363728e+00,-1.852571404953427647e+00,6.053857120966645411e+00
-2.513719657725136614e+00,-3.118295792320911808e+00,7.951155537143799634e+00
-3.007234581407538965e+00,-2.102492053274910955e+00,6.047910758322574409e+00
-2.750962490493544799e+00,-2.771815477359598656e+00,7.256440893119179947e+00
-2.554907586226720095e+00,-2.894458459688357355e+00,7.566933586082581265e+00
-2.536963200023094167e+00,-1.966969112119871133e+00,6.000489830591516416e+00
-2.942870483425861661e+00,-1.472718216201788888e+00,5.562696053207620395e+00
-2.234486533995990065e+00,-2.541208632738269468e+00,7.124956479014391775e+00
-2.965967411126449349e+00,-1.525407527912577610e+00,5.553074428217702696e+00
-2.087264755541711647e+00,-1.559267496378544005e+00,6.203524777797656320e+00
-2.536963200023094167e+00,-1.966969112119871133e+00,6.000489830591516416e+00
-2.242502067122471576e+00,-1.852976032074893808e+00,5.953604942599599603e+00
-2.922245565773034848e+00,-1.448594795939760704e+00,5.566836622026247738e+00
-2.556812890166319630e+00,-1.218156374839583167e+00,5.462471199691159462e+00
-2.776578227568067714e+00,-1.353467525247634473e+00,5.528449448283299539e+00
-2.272167937133593885e+00,-2.634055619421077132e+00,7.257775641801660349e+00
-2.886724981742671670e+00,-3.096592786707241363e+00,7.729357898036979257e+00
-2.858484677059703216e+00,-1.850155294391303995e+00,5.673869586338753379e+00
-2.558628299024829911e+00,-2.105336146604685599e+00,6.231379238140153376e+00
-2.957363803098235433e+00,-2.798991005583880476e+00,7.199350096004480726e+00
-2.295565341477660226e+00,-1.583256803241148258e+00,5.480199670435061066e+00
-2.250323612682671559e+00,-1.564021015850493246e+00,5.486093859766962844e+00
-3.018495117524972571e+00,-2.679799046887610281e+00,6.965822957390384040e+00
-2.432371108872337206e+00,-2.983638288921708348e+00,7.765813191820465811e+00
-2.198574000061659817e+00,-1.646055384439382818e+00,5.641991122134641046e+00
-2.544643572929107478e+00,-2.028724565064642160e+00,6.105492313189871290e+00
-2.608145250316015407e+00,-3.215082663447691225e+00,8.072546087692979100e+00
-2.251683400125856771e+00,-1.717989012602641363e+00,5.723902688950839313e+00
-2.865838794097308018e+00,-1.822964096881581009e+00,5.634434934243201631e+00
-2.950756803024832120e+00,-2.230948444344491133e+00,6.260932647212310798e+00
-2.534009890512328056e+00,-1.640762419445116249e+00,5.462350840119287732e+00
-2.155799599456726501e+00,-1.505430454257182360e+00,5.424422676180604697e+00
-2.251796376041348857e+00,-1.663559917842697411e+00,5.635640120445727597e+00
-2.589489064811922425e+00,-1.303811996428939191e+00,5.433476704576801986e+00
-2.922074143974460636e+00,-2.438565708368020335e+00,6.631732042672473071e+00
-2.326253685435365259e+00,-1.632945818521945869e+00,5.547135291324099882e+00
-2.514850384764152125e+00,-1.665010136004725805e+00,5.507587272755108287e+00
-2.123572290641005722e+00,-1.887164395133545947e+00,6.077519950248093217e+00
-2.420098721222247118e+00,-2.668178192404611959e+00,7.249561329572623336e+00
-2.893111495421481827e+00,-2.173092607977883617e+00,6.187998115401184052e+00
-2.444909046021580767e+00,-2.331440912057191284e+00,6.664276222492613755e+00
-2.093090713301193784e+00,-2.196830400714223863e+00,7.249023581169559804e+00
-2.264633891303262647e+00,-1.026521702969009908e+00,5.449193086003322861e+00
-2.507156297897394026e+00,-2.220752221336783183e+00,6.447141314286519709e+00
-2.475583762077578243e+00,-1.957535964086722258e+00,6.013610953699716433e+00
-2.772136179253691601e+00,-1.850615610588927318e+00,5.710953060605443277e+00
-2.977054437472356874e+00,-1.538018721536554168e+00,5.567842270312350017e+00
-2.696341194003904818e+00,-1.370812439837339580e+00,5.450361670291509419e+00
-2.775939222613630797e+00,-1.284262319194710678e+00,5.558375414050164665e+00
-2.215944355760918416e+00,-3.106737253022309631e+00,8.088545174359357048e+00
-2.909215692521806229e+00,-2.792045525858124932e+00,7.211578797237253369e+00
-2.709399961730966755e+00,-1.817958403438673987e+00,5.681129550251825755e+00
-2.976654990135900292e+00,-2.453867885400813353e+00,6.624974857430627750e+00
-2.550056952380592712e+00,-2.013981825557905836e+00,6.078307695407004552e+00
-2.498288255292674176e+00,-2.380099165957962892e+00,6.719739318662758087e+00
-2.989275949875200400e+00,-2.419377924660142565e+00,6.560209190409262092e+00
-2.791736322305186757e+00,-1.392104364248365478e+00,5.505952290479231515e+00
-2.195046335688710659e+00,-1.669502440690848077e+00,5.670185533609940265e+00
-2.465172789450006618e+00,-2.669978299911295760e+00,7.210150421453446867e+00
-2.521131007318890838e+00,-1.291666303132725568e+00,5.392337822183145946e+00
-2.480951760489934266e+00,-1.904411803134622660e+00,5.926648652193900801e+00
-3.036178948258022814e+00,-2.136335608624977844e+00,6.071002118216045851e+00
-2.296782169293841935e+00,-1.957955486090789510e+00,6.104040859076325987e+00
-2.750454414886703614e+00,-1.781860724758428383e+00,5.604722445546538090e+00
-3.025421266435260659e+00,-1.849142232803757890e+00,5.617101348409687667e+00
-2.777718813995008862e+00,-2.912328945565307414e+00,7.459676315491187815e+00
-2.525434997229570655e+00,-2.232615369643351499e+00,6.460069227216602705e+00
-2.133423520195010248e+00,-1.674537431550292998e+00,5.733753619482143904e+00
-2.769060557050653681e+00,-1.983462351935278534e+00,5.920192290031772941e+00
-2.732500987185550123e+00,-1.319095240965234339e+00,5.495498302415630754e+00
-2.086538570257034930e+00,-1.493782440530319500e+00,6.141917976750491448e+00
-2.714419401189548608e+00,-2.692607318441772257e+00,7.145299614286111378e+00
-2.694710930263593429e+00,-2.962038740071859966e+00,7.600043791576356789e+00
-2.161313750848117721e+00,-2.606800077147871431e+00,7.273068859335530156e+00
-2.503230192006029142e+00,-1.735635357405203250e+00,5.626632169125509897e+00
-2.915328478115814193e+00,-1.470597746688510954e+00,5.549833277273440224e+00
-2.772267348258166564e+00,-2.764275963770405742e+00,7.233499577944892067e+00
-2.924604096258978103e+00,-3.064668394577828803e+00,7.661580158461421597e+00
-2.594565772265007286e+00,-1.283371424091842572e+00,5.434820030232182297e+00
-3.043045842299786585e+00,-2.241981081342743209e+00,6.247030789011554397e+00
-2.192119575553239663e+00,-2.016393924965419693e+00,6.259789080955060925e+00
-2.444269070033706193e+00,-2.106606882495391186e+00,6.279964644158833487e+00
-2.969730875026520778e+00,-2.249257802426320563e+00,6.286232163866170453e+00
-2.556812890166319630e+00,-1.218156374839583167e+00,5.462471199691159462e+00
-2.460075751053245163e+00,-1.833817798668966548e+00,5.825776973180752272e+00
-2.780627998381512533e+00,-2.074547041199819031e+00,6.068869093360611089e+00
-2.273678966362588483e+00,-1.618343536764059065e+00,5.556626761644248624e+00
-2.528574298199092851e+00,-2.939751370674371422e+00,7.642241106049278088e+00
-2.060616277928529083e+00,-3.294579010479519177e+00,8.529543306882381160e+00
-2.783578176318390884e+00,-1.824615175838574244e+00,5.644183467618383077e+00
-2.494027908914733693e+00,-1.939172151483216089e+00,5.971532917145930597e+00
-2.788762218363846301e+00,-1.737738071077238322e+00,5.515609150441510344e+00
-2.289608103460537780e+00,-2.543119993060673600e+00,7.109151540908680289e+00
-2.149087123801528332e+00,-2.693260853780158559e+00,7.452597766054032569e+00
-2.112149060267394240e+00,-1.205388444606804610e+00,5.753728174563036646e+00
-2.213056271769912708e+00,-1.665754106161807746e+00,5.661810049836498493e+00
-2.091572509146326642e+00,-1.330063503835424044e+00,5.850194645416901373e+00
-2.216427661447730735e+00,-2.549080293983422507e+00,7.163768294453000784e+00
-2.132339465082303764e+00,-1.993230522324404452e+00,6.255799840298027270e+00
-2.701587453947702944e+00,-2.392374216207042714e+00,6.641370581123336336e+00
-2.753360965516904457e+00,-1.861634422510960896e+00,5.732609060206111273e+00
-2.748258963750953576e+00,-1.808408469491977755e+00,5.649641619774668833e+00
-2.116481025342821010e+00,-2.541809970407894248e+00,7.197166208513648300e+00
-2.920094405361617795e+00,-2.740937285891474229e+00,7.121076947906873400e+00
-3.057848313478075841e+00,-2.219962570037384175e+00,6.209099213580351773e+00
-2.284146022027833123e+00,-1.896841965836908672e+00,6.008247667286163995e+00
-2.746768648103242949e+00,-2.163734375750661520e+00,6.227723749647142704e+00
-2.217051214371503765e+00,-1.532192015741264957e+00,5.434439118926447598e+00
-2.800061798524439372e+00,-2.108067543775086872e+00,6.127787752647724240e+00
-2.473195287445177470e+00,-2.888105704651044103e+00,7.590207649571179438e+00
-2.559433372731530820e+00,-1.210950408574334114e+00,5.467822228092416914e+00
-2.218930128483858955e+00,-1.915303955057973795e+00,6.073928982978090474e+00
-2.120577493607931352e+00,-1.234798533822498490e+00,5.874944943582335988e+00
-2.785552869846620982e+00,-2.441341361530722232e+00,6.669174016172958019e+00
-2.509462612725481101e+00,-1.189645930112173788e+00,5.454339510583788631e+00
-2.856838479669012720e+00,-2.682144054361578434e+00,7.072171561715136612e+00
-2.130217518054454029e+00,-1.192524067441573576e+00,5.839047823911662327e+00
-3.073132351443137456e+00,-2.206170150467208213e+00,6.173964318269772100e+00
-2.757115959724354415e+00,-2.110023616046063033e+00,6.143912759093376863e+00
-2.133423520195010248e+00,-1.674537431550292998e+00,5.733753619482143904e+00
-2.526790204690838149e+00,-1.828415191996066058e+00,5.774111912465368590e+00
-2.892550388830623209e+00,-2.701341180752626858e+00,7.066128912419986641e+00
-2.132687929149840400e+00,-1.397986536526890200e+00,6.292052593643439273e+00
-2.750672248218345661e+00,-2.991059025931317894e+00,7.617820295763730876e+00
-3.012840328061829442e+00,-2.192711642180642961e+00,6.183132996057191022e+00
-2.166587572575178200e+00,-2.000799071751113267e+00,6.245726262188212807e+00
-2.247199998397659826e+00,-1.880456640275078639e+00,6.001597765906154791e+00
-2.448726521125673017e+00,-2.215038378440477018e+00,6.461966478612592546e+00
-2.149087123801528332e+00,-2.693260853780158559e+00,7.452597766054032569e+00
-2.987043816697966925e+00,-2.375511306359956443e+00,6.469527156129621481e+00
-2.942870483425861661e+00,-1.472718216201788888e+00,5.562696053207620395e+00
-2.528645078326008822e+00,-3.161104331244787069e+00,8.025200779641034288e+00
-2.940419974952603877e+00,-2.224931370994162716e+00,6.255354122193758748e+00
-2.837591091631385787e+00,-2.689118845294965254e+00,7.067853811157915445e+00
-2.242406082937723255e+00,-1.689604945333274877e+00,5.682434696394498275e+00
-2.552685556298325498e+00,-2.504658202476925499e+00,6.881432560085085193e+00
-2.283466209322421392e+00,-1.719906867186189681e+00,5.724229459288585176e+00
-2.581132928549225269e+00,-1.176993106030695735e+00,5.500377791534868166e+00
-2.685483929962773075e+00,-2.727662888543251007e+00,7.203777734726843462e+00
-2.138932906301651116e+00,-1.940776814554431962e+00,6.172377972499390353e+00
-2.884487353467815041e+00,-2.716356065483868321e+00,7.096170975958995264e+00
-2.264034245880937490e+00,-1.828650847606042573e+00,5.904374531735649079e+00
-2.880050203515189366e+00,-3.129968944114879914e+00,7.792899427749216734e+00
-2.786225985588417497e+00,-1.880158603861764810e+00,5.759178233133427582e+00
-2.628383879965039860e+00,-2.676202137012626547e+00,7.157662472264406439e+00
-3.007234581407538965e+00,-2.102492053274910955e+00,6.047910758322574409e+00
-2.399138629532941547e+00,-2.227530083753972434e+00,6.513225960523047142e+00
-2.442751750575253844e+00,-2.794263573719770744e+00,7.445546795819715236e+00
-2.735679856360802464e+00,-2.340667318520507578e+00,6.543109422057582059e+00
-2.296757293528417954e+00,-1.967764695407796749e+00,6.132617552658842008e+00
-2.960395672171618919e+00,-2.178417304265128696e+00,6.175273851294131866e+00
-2.699509923211089735e+00,-2.917482139835350097e+00,7.509869078110132712e+00
-2.994703814497927663e+00,-2.259036086449571101e+00,6.288469766508149483e+00
-2.781492054132710390e+00,-3.159681903016541504e+00,7.886604092692317991e+00
-2.252927350237823312e+00,-1.956362717483561164e+00,6.124036737158098376e+00
-2.243021405473761831e+00,-2.764953531905459005e+00,7.494688515725076883e+00
-2.732327080737731784e+00,-1.490296870165866538e+00,5.453757060276654300e+00
-2.923919038669477555e+00,-3.240950648512151755e+00,7.956168649620859235e+00
-2.866590428698393644e+00,-2.919348940839415985e+00,7.449323517115083781e+00
-2.123447168085137893e+00,-1.455253507735214669e+00,6.363675960822638089e+00
-2.712373883068529334e+00,-1.331425741932969586e+00,5.488343307651151193e+00
-2.922945260915026378e+00,-1.400796007631998075e+00,5.590103037933582542e+00
-2.674703451877658456e+00,-2.879909842042068568e+00,7.481390916405900704e+00
-2.693305139668398684e+00,-1.365288874997190316e+00,5.453376338143973712e+00
-2.944644021594206684e+00,-2.786312457148035993e+00,7.187260943632662880e+00
-2.266473523463232720e+00,-1.578962023473960752e+00,5.497189269503585329e+00
-2.970451564703014302e+00,-2.398807713460193280e+00,6.530745624155277262e+00
-2.341685905340598062e+00,-1.118011259909277078e+00,5.410768304229176984e+00
-2.110585990752687824e+00,-1.552431780655575411e+00,6.402201204305034032e+00
-2.241187239693638755e+00,-2.886108409989111667e+00,7.720890478863547735e+00
-2.090882942880307294e+00,-1.714656050682414223e+00,6.570077436431258633e+00
-2.430395965276479942e+00,-2.013651503580658364e+00,6.127798820922595091e+00
-2.772524696080017836e+00,-1.760259339456294203e+00,5.553300681678209116e+00
-2.717307963270624516e+00,-1.857953493508950560e+00,5.737031692497907898e+00
-2.115453174874522446e+00,-1.557424630647187502e+00,5.522632900018033197e+00
-2.509462612725481101e+00,-1.189645930112173788e+00,5.454339510583788631e+00
-2.449292884884489485e+00,-2.013915065399133564e+00,6.126979141096760451e+00
-2.223040583589358743e+00,-2.762265768518409104e+00,7.509120162652679120e+00
-2.753944016138176298e+00,-1.847853312100955492e+00,5.711732491432816694e+00
-2.576415724197120838e+00,-1.199502001299209919e+00,5.493044037097178034e+00
-2.210431946860477836e+00,-1.613652366580512254e+00,5.583763877029459088e+00
-2.498896140052847326e+00,-2.375125450885990919e+00,6.693596365775309920e+00
-2.998202526249595046e+00,-2.050974132099487868e+00,5.974205264122864456e+00
-2.181541882412975308e+00,-1.649097343091811663e+00,5.650833722993921171e+00
-2.556672088531479758e+00,-2.550908690171239002e+00,6.974572773754646349e+00
-2.420636552067627179e+00,-2.037681289333261869e+00,6.191983239869346178e+00
-2.163675371258778402e+00,-2.828145827808402402e+00,7.671295434418570203e+00
-2.131124077825066188e+00,-2.923887115911260270e+00,7.839462875613019577e+00
-2.151379130235777204e+00,-2.650050194193044550e+00,7.359285729233314477e+00
-2.773043261245290214e+00,-2.714558387225302294e+00,7.143708157366718936e+00
-2.911447523792843661e+00,-2.757798715657761246e+00,7.152981930587938741e+00
-2.243445817950136423e+00,-1.991477344829993612e+00,6.190817980513560137e+00
-2.090882942880307294e+00,-1.714656050682414223e+00,6.570077436431258633e+00
-2.430084065569692253e+00,-1.949147487893793551e+00,6.030996891712065100e+00
-2.685713109413884414e+00,-2.741459679481437206e+00,7.238317367203967123e+00
-2.729279682258656248e+00,-2.625913573615048957e+00,7.015138088118697546e+00
-2.306722079168793460e+00,-1.037459665506498485e+00,5.456930735476957395e+00
-2.087864593163600624e+00,-2.479459545544054233e+00,7.981924689195993849e+00
-2.510621519959091774e+00,-3.186371793171930644e+00,8.070268578063227949e+00
-2.453885626149477250e+00,-1.895747611591894088e+00,5.923868795581253899e+00
-2.735522262839990226e+00,-1.755141228856936797e+00,5.562686645546627062e+00
-2.098046907203367173e+00,-1.541413147766140135e+00,6.136024481161394206e+00
-2.510379359293423374e+00,-2.202302038332887513e+00,6.404227371259793244e+00
-2.135663645222753093e+00,-2.515819480977881106e+00,7.145767157794034041e+00
-2.257920391256274417e+00,-2.242370167548184856e+00,6.610693072417856087e+00
-2.486908194279078277e+00,-2.186643705291392070e+00,6.398790251856344646e+00
-2.943795348773309062e+00,-2.129406331929555307e+00,6.102181715620618618e+00
-2.488248515384636761e+00,-2.195736313925150895e+00,6.403256798103287295e+00
-2.474146227939141074e+00,-1.723288350433276994e+00,5.628681812845433896e+00
-2.251796376041348857e+00,-1.663559917842697411e+00,5.635640120445727597e+00
-3.016344160605879399e+00,-2.231546893571150214e+00,6.250085738342744612e+00
-2.967142076124240191e+00,-2.413572403704596692e+00,6.554329725874199042e+00
-2.138184298115224813e+00,-2.467597098304294523e+00,7.052481836312020747e+00
-2.027213474000872040e+00,-3.356973719670446776e+00,8.657057875064330332e+00
-2.573077471792511783e+00,-1.307583352260480059e+00,5.426319109715072919e+00
-2.929880343215506056e+00,-1.435415701976940017e+00,5.567145373213866044e+00
-2.284326509847479869e+00,-1.089670023056178216e+00,5.392453976690132045e+00
-2.102442262668021034e+00,-1.949292175199474730e+00,6.198290101724180268e+00
-2.550027648186813600e+00,-2.834200027544742984e+00,7.463918002952594222e+00
-2.153365559396027251e+00,-1.583403427526568930e+00,5.556655785915245005e+00
-2.925108980561406113e+00,-1.795452870632542552e+00,5.556521329505770268e+00
-2.631732761892575212e+00,-2.938282750109666441e+00,7.600934635726821043e+00
-2.898931268822830365e+00,-2.256490451235401373e+00,6.342230626529255844e+00
-2.649990596431337497e+00,-2.947164404012474481e+00,7.596778905969379103e+00
-2.444844974203411070e+00,-1.914186290383177225e+00,5.963418847901635012e+00
-2.683677674747418695e+00,-1.820287816945454162e+00,5.690145884757678907e+00
-2.922621139832648485e+00,-2.916483356127339555e+00,7.417326150875155122e+00
-2.201532839824327681e+00,-1.552003652678667800e+00,5.475203584974000393e+00
-2.747322748775540280e+00,-1.767621282740202693e+00,5.570259455562698747e+00
-2.513783740064776673e+00,-2.183150885498663651e+00,6.379309621958006105e+00
-2.472158212185129766e+00,-2.312727426294418187e+00,6.614280773348932385e+00
-2.528769513723033491e+00,-2.508066974138093208e+00,6.910445825530041830e+00
-2.958245121649495601e+00,-2.121130108672581560e+00,6.078710624862750045e+00
-2.802759130603612370e+00,-2.633813094413292699e+00,6.993574254449015370e+00
-2.262472158626365193e+00,-2.334279736563855678e+00,6.760908124212750003e+00
-2.990369296015485734e+00,-2.211695878288995498e+00,6.213975879693672155e+00
-2.735405031524785091e+00,-2.349970033984589257e+00,6.552619020455568766e+00
-2.528777731404728168e+00,-2.010801878655803954e+00,6.083609193446468666e+00
-2.460171420902850237e+00,-1.155725415780027410e+00,5.446189849808543926e+00
-2.107204584519605017e+00,-1.713840042157329435e+00,6.733774632788048109e+00
-2.487771108265867781e+00,-2.027678003234526738e+00,6.132454351698847894e+00
-2.527691092982485177e+00,-2.095393953418903887e+00,6.228896271464329004e+00
-2.405847920336011470e+00,-1.786243145665615373e+00,5.790913982461179721e+00
-2.134394063898096050e+00,-1.508099559031184977e+00,5.448608967960616667e+00
-2.480072129836300210e+00,-2.273871534132154260e+00,6.547563486722833836e+00
-2.408992211230624569e+00,-2.665995618296030933e+00,7.247582197560784145e+00
-2.206955041174847754e+00,-1.917877614096139771e+00,6.085311814260457197e+00
-2.540700135285207661e+00,-2.942609115326020319e+00,7.645599234603738914e+00
-2.831203387941582772e+00,-1.764672354195941262e+00,5.546943670811233851e+00
-2.900132546404710521e+00,-2.610552327315768029e+00,6.920237320869669695e+00
-2.327268713521164489e+00,-1.617519514413066517e+00,5.528408193652611047e+00
-2.319299030848038345e+00,-1.995633451353820309e+00,6.144535703680129579e+00
-2.074463115791020940e+00,-1.946570428668248143e+00,6.845490033049916434e+00
-2.898908430538148284e+00,-3.147585074613822087e+00,7.825226953000389507e+00
-2.158444933391999498e+00,-2.037837033674022802e+00,6.306405907614649031e+00
-2.504336977556773647e+00,-2.872768117951146838e+00,7.546918441257054688e+00
-2.860456448627299864e+00,-2.754152056112606939e+00,7.175996912114302795e+00
-2.967528320147123644e+00,-1.538052031008427356e+00,5.544746544047606029e+00
-2.794227963154438665e+00,-2.090369510267993558e+00,6.099097931923753713e+00
-2.998626548214233800e+00,-2.082841252106243157e+00,5.999975659182284815e+00
-2.131580763379859800e+00,-1.942945388294845532e+00,6.168851469096497731e+00
-2.501326453051068821e+00,-1.218672448767906813e+00,5.446602056588403684e+00
-2.281217711488083388e+00,-1.088084002508663550e+00,5.417915550720897144e+00
-2.492702647159143581e+00,-1.176366379983416310e+00,5.446487503905546035e+00
-2.310009559765267451e+00,-1.558485491668642364e+00,5.434304544362826839e+00
-2.496731805350509426e+00,-1.957446058833463232e+00,6.003984915608711503e+00
-2.696657948074423938e+00,-2.268731819230525915e+00,6.425261159211268058e+00
-2.084152401160442203e+00,-2.162929799894731886e+00,7.348612350115531378e+00
-2.090748745637779571e+00,-1.914202891548774099e+00,6.145525530836322581e+00
-2.540331914110383060e+00,-2.965785694627074420e+00,7.686126146019653049e+00
-2.124344321542087410e+00,-2.187744001573602048e+00,6.584793994524429372e+00
-2.224485120001232108e+00,-2.601105281142999104e+00,7.241962765351160236e+00
-2.115427541528472233e+00,-2.850566931773630852e+00,7.717911923605218050e+00
-2.712823026386956826e+00,-2.671359689332862164e+00,7.107611721089404533e+00
-2.167601233579395714e+00,-2.041187394355717721e+00,6.310025154982001894e+00
-2.714419401189548608e+00,-2.692607318441772257e+00,7.145299614286111378e+00
-2.495306559045380013e+00,-1.978148377039312678e+00,6.048497353680540201e+00
-2.441572389056790637e+00,-2.627215134461272861e+00,7.161627335033285746e+00
-2.284326509847479869e+00,-1.089670023056178216e+00,5.392453976690132045e+00
-2.552685556298325498e+00,-2.504658202476925499e+00,6.881432560085085193e+00
-2.793840127200298618e+00,-2.131749496413700484e+00,6.149332329488852444e+00
-2.312652543932288474e+00,-1.917479668855076147e+00,6.017821132946544971e+00
-2.281217711488083388e+00,-1.088084002508663550e+00,5.417915550720897144e+00
-2.832924999634524266e+00,-1.796936425372089419e+00,5.594555907899084524e+00
-2.995108228481120349e+00,-1.833018528866741548e+00,5.603478859595538708e+00
-3.020102519563084620e+00,-2.007999894285463327e+00,5.875513650581564384e+00
-2.112673688681852013e+00,-1.319218858749970469e+00,5.942670173336553674e+00
-2.170266921957335171e+00,-1.836346660790397545e+00,5.972454547133494884e+00
-2.498896140052847326e+00,-2.375125450885990919e+00,6.693596365775309920e+00
-3.061734234153851819e+00,-2.128940526193223270e+00,6.046787079623697991e+00
-2.198418213082077077e+00,-1.587917599724741002e+00,5.535660035578621851e+00
-2.396000765886129980e+00,-1.157039568355235915e+00,5.417637249453500559e+00
-2.460075751053245163e+00,-1.833817798668966548e+00,5.825776973180752272e+00
-2.087664030372168078e+00,-1.791974648755880528e+00,5.944828337083005287e+00
-2.259116672490453670e+00,-2.855305368120137910e+00,7.675808185814982920e+00
-2.712648808936767075e+00,-1.765343081173183837e+00,5.597401335585725057e+00
-2.074931808567210823e+00,-2.123261337115684988e+00,7.222585898100990498e+00
-2.694233765828388361e+00,-1.837545796652532815e+00,5.727555612525817352e+00
-2.259807525235670411e+00,-1.980301625875036109e+00,6.164616518091433406e+00
-2.841832436994726319e+00,-2.693611704985646504e+00,7.063346853127235647e+00
-2.937251647094369922e+00,-1.986770641174401275e+00,5.875018611722904183e+00
-2.805872643662006727e+00,-2.058119930213916149e+00,6.031249945542755064e+00
-2.769977990339547169e+00,-1.359793601017667442e+00,5.505464920963401454e+00
-2.870701663881567889e+00,-3.153018472759847590e+00,7.826423153030957813e+00
-2.106946602684083736e+00,-1.297607868509993656e+00,5.870779554099273767e+00
-2.156351685168465426e+00,-1.042209297490393816e+00,5.556898823351738237e+00
-3.057848313478075841e+00,-2.219962570037384175e+00,6.209099213580351773e+00
-2.971390984523198497e+00,-2.122241340034376922e+00,6.073496018168503596e+00
-2.747079113521393445e+00,-1.337076318729038427e+00,5.496381910563751028e+00
-2.938822216262768627e+00,-2.990887518423067881e+00,7.524268585669937615e+00
-2.118733112622229076e+00,-1.245643964073629428e+00,5.812376969506628299e+00
-2.435603044820748853e+00,-1.913920072970616504e+00,5.966058859534027370e+00
-2.641933418359585506e+00,-2.096166594263467076e+00,6.159374680883919595e+00
-2.663295131596917109e+00,-2.180883929371390639e+00,6.325571769446360904e+00
-2.510138489167986098e+00,-1.930441300114871694e+00,5.945018440607988452e+00
-2.735420606105054997e+00,-1.362888074919260450e+00,5.477123346431180373e+00
-2.503365014676553812e+00,-3.279708899507374653e+00,8.211181739416815617e+00
-2.762843133223599867e+00,-1.359468426849412825e+00,5.505075634514036587e+00
-2.941764652118480594e+00,-1.399065457325846973e+00,5.602362695885331867e+00
-2.861502819911067252e+00,-2.725237249592874722e+00,7.124953531916259131e+00
-2.280671131615106262e+00,-1.150580979947296356e+00,5.353656238115299892e+00
-2.685697995479717104e+00,-1.755855485450192210e+00,5.574117803122549120e+00
-2.939040991357220634e+00,-2.594930412822797461e+00,6.873184221119584159e+00
-2.112796383404327294e+00,-1.570072462897682097e+00,5.559110620045419004e+00
-2.388915001114086945e+00,-2.208178649831692208e+00,6.479067451661801869e+00
-2.078226079556866335e+00,-1.927907987800376199e+00,6.163713570286960319e+00
-2.998868555122877311e+00,-2.022536696226910458e+00,5.907879799509441199e+00
-2.461285937957850223e+00,-1.711287002453745876e+00,5.608019988233586162e+00
-2.596631812565535657e+00,-2.019891228771528269e+00,6.058903989874193208e+00
-2.093924909729696360e+00,-1.487789023703160352e+00,6.145339292414364607e+00
-2.543593737537058086e+00,-1.294823547139902997e+00,5.410425589519358702e+00
-2.322512966413325941e+00,-1.642214134093612055e+00,5.566635494370799186e+00
-2.171702077745733650e+00,-1.693716503053177114e+00,5.730610064217924737e+00
-2.543593737537058086e+00,-1.294823547139902997e+00,5.410425589519358702e+00
-2.269653326313720854e+00,-1.604779102796357160e+00,5.536723927049338023e+00
-2.450841620129752929e+00,-2.199811950420743845e+00,6.445698202788323172e+00
-2.264633891303262647e+00,-1.026521702969009908e+00,5.449193086003322861e+00
-2.442358427833244416e+00,-1.940536328847206171e+00,6.015086573521359448e+00
-2.441098253897663550e+00,-2.643012936597268325e+00,7.194154854595064208e+00
-2.694534741111998422e+00,-1.815918763593333152e+00,5.676440466811972563e+00
-2.639238961808143547e+00,-2.886390799623173464e+00,7.502642664507320092e+00
-2.112424384179041326e+00,-1.709598868292123486e+00,6.717534475636125713e+00
-2.784752564065585467e+00,-2.153776373662681376e+00,6.195257587949002165e+00
-3.015375374888073168e+00,-2.058949449034943147e+00,5.966456389634299029e+00
-2.620973092955751316e+00,-2.896271485431753501e+00,7.517423349515991227e+00
-2.219736685001266974e+00,-1.621070195866437746e+00,5.586066557439929525e+00
-2.139084581120227035e+00,-2.459567474236475260e+00,7.047437225894870316e+00
-2.881286482334941113e+00,-2.703051359624267569e+00,7.066041619298452758e+00
-2.290459933782416968e+00,-1.859592289219038852e+00,5.943240432920470440e+00
-2.123132926622292693e+00,-2.035158931897039558e+00,6.341701134590464584e+00
-2.442751750575253844e+00,-2.794263573719770744e+00,7.445546795819715236e+00
-2.152236180089793116e+00,-2.218015187188580484e+00,6.624143805069556024e+00
-2.710983774170367511e+00,-2.335576436125180955e+00,6.546579621086052292e+00
-2.672630189555741609e+00,-3.163088151595741859e+00,7.952133962696342095e+00
-2.912638150591731812e+00,-2.157980031919238151e+00,6.148212620995514577e+00
-2.273150130140618508e+00,-1.967125025470187083e+00,6.125145529837938696e+00
-2.248599689764239518e+00,-1.539312298346030783e+00,5.428871692611866528e+00
-2.991267153467235484e+00,-2.749825003358385533e+00,7.112319637289457042e+00
-2.140821367538720654e+00,-2.223163918685139961e+00,6.631490816774774366e+00
-2.156255772828424622e+00,-3.007646911703161674e+00,7.978635641329311134e+00
-2.460987427786210269e+00,-2.482188906109330073e+00,6.913816822337690127e+00
-2.524770467963906917e+00,-1.658779192777411815e+00,5.492338610063614013e+00
-2.313064635557105397e+00,-1.634697266452227016e+00,5.563978222286671382e+00
-2.981042934143705470e+00,-2.107201819778181218e+00,6.051001630913231288e+00
-2.167180765866189240e+00,-1.905990806478087718e+00,6.087608741753189889e+00
-2.143136640783039226e+00,-1.941454295769084570e+00,6.163427067767540457e+00
-2.620973092955751316e+00,-2.896271485431753501e+00,7.517423349515991227e+00
-2.772459708872422546e+00,-1.324955128307054641e+00,5.516111224693940329e+00
-2.977498175445390860e+00,-2.206119018829935552e+00,6.214440941287523223e+00
-2.290445492286290019e+00,-1.540988713414264799e+00,5.429947432734973489e+00
-2.768961871288581733e+00,-2.561157679396510733e+00,6.904409844050675815e+00
-2.676710182727168874e+00,-3.231615982855250646e+00,8.067622139588753072e+00
-2.648288075710128364e+00,-3.242619388045183459e+00,8.098616527127433073e+00
-2.495895865672460801e+00,-2.850478781510248805e+00,7.500252075257046513e+00
-2.911447523792843661e+00,-2.757798715657761246e+00,7.152981930587938741e+00
-2.203817908370239831e+00,-2.854593361076519287e+00,7.678166920188155053e+00
-2.090122620471610126e+00,-2.105020228348272848e+00,7.281914566068313555e+00
-2.664204917244757276e+00,-2.703766528932388891e+00,7.179671081493734341e+00
-2.276790936000626875e+00,-2.622321192371213527e+00,7.243446246694270840e+00
-2.683677674747418695e+00,-1.820287816945454162e+00,5.690145884757678907e+00
-2.081892654661051001e+00,-1.875129063830903720e+00,6.084862368136834121e+00
-2.964140303764603690e+00,-2.097807410519135107e+00,6.036305380071283366e+00
-2.726972599341456860e+00,-1.798860850744070206e+00,5.649736171196001244e+00
-2.091308064256135246e+00,-1.969974292547006955e+00,6.233795563749172430e+00
-2.562928391423520580e+00,-2.213043457939356529e+00,6.383695911507885512e+00
-2.467004020965580580e+00,-2.058086226327696000e+00,6.187491196968436746e+00
-2.102539542347792612e+00,-1.927879264495454104e+00,6.148105410473403865e+00
-2.112424384179041326e+00,-1.709598868292123486e+00,6.717534475636125713e+00
-2.990471365343241317e+00,-2.024890980611751878e+00,5.908114575703422133e+00
-2.152492469865356028e+00,-1.651506140878457263e+00,5.669161662811335489e+00
-2.777992021977466308e+00,-2.584544360884437175e+00,6.929860101240646664e+00
-2.438431460916841598e+00,-2.260456691722168010e+00,6.540421049740078985e+00
-2.832924999634524266e+00,-1.796936425372089419e+00,5.594555907899084524e+00
-2.455487317610362652e+00,-2.108358093131533995e+00,6.276213099834911269e+00
-2.659751783793007807e+00,-3.229202734176889411e+00,8.099975749055065677e+00
-2.144493292658250283e+00,-1.503067760501521466e+00,5.433255024965910174e+00
-2.075296731843714326e+00,-2.090135998386235983e+00,7.183755651341175330e+00
-2.494777061223057757e+00,-2.478011718532600494e+00,6.889734695270107068e+00
-2.121542023686203926e+00,-1.473872344924462618e+00,6.353530787113098377e+00
-2.738641507926535379e+00,-2.048738019779146491e+00,6.051750358681776021e+00
-2.558752746677346313e+00,-2.279919173087193496e+00,6.513934188255613655e+00
-2.219524306673096969e+00,-1.826023500588850546e+00,5.928876468701322899e+00
-2.766810873023142658e+00,-2.917807733069070597e+00,7.484438098750003654e+00
-2.560386133151921317e+00,-2.894894792925550409e+00,7.556633025987519403e+00
-2.473602728347140456e+00,-2.907028053436420567e+00,7.626210925491828441e+00
-2.434274138524616049e+00,-2.628864598015189458e+00,7.174428471672382734e+00
-2.121542023686203926e+00,-1.473872344924462618e+00,6.353530787113098377e+00
-2.757283657370856567e+00,-2.359093061351285936e+00,6.537435003089490770e+00
-2.227071991855794408e+00,-1.526766023940315353e+00,5.435814428371806173e+00
-2.134394063898096050e+00,-1.508099559031184977e+00,5.448608967960616667e+00
-2.107598991030287028e+00,-1.405255883291219865e+00,6.089822194779537234e+00
-2.519735989615291327e+00,-1.766041991628281016e+00,5.679923738971562663e+00
-2.123091403006065470e+00,-1.488348974625272936e+00,6.363474065912852140e+00
-2.727173625103880283e+00,-1.763278120586021069e+00,5.575804215530268948e+00
-2.280671131615106262e+00,-1.150580979947296356e+00,5.353656238115299892e+00
-2.874931517457102625e+00,-3.186471280596898215e+00,7.897030274388608717e+00
-2.704196752036295948e+00,-2.389280638507646159e+00,6.633066060050641255e+00
-2.247199998397659826e+00,-1.880456640275078639e+00,6.001597765906154791e+00
-2.288523164949118005e+00,-1.709661009405170295e+00,5.699539487423624706e+00
-2.138219153048831700e+00,-1.067892680643797609e+00,5.634961784059083101e+00
-2.081395484507725158e+00,-2.532821215572274909e+00,8.001542419441740606e+00
-2.487748885542262034e+00,-1.667352209065951607e+00,5.524723800901266912e+00
-2.066934326098514241e+00,-2.134934705934798949e+00,7.213397188487241429e+00
-2.273127922485306929e+00,-1.692199813869107006e+00,5.684990260542447160e+00
-2.394290187129079150e+00,-3.213111251575338834e+00,8.186483941950108090e+00
-2.769168980190948925e+00,-2.181270722730878742e+00,6.261117041404123285e+00
-2.512641780262304891e+00,-1.764608845472220855e+00,5.676252288531272505e+00
-2.190574436639471045e+00,-2.225752684345364774e+00,6.612935107396275214e+00
-2.732500156089601617e+00,-1.783063725131933230e+00,5.612299139433959638e+00
-2.110988415102429183e+00,-1.239686383902753208e+00,5.838718031963672672e+00
-2.753360965516904457e+00,-1.861634422510960896e+00,5.732609060206111273e+00
-2.231704911312773376e+00,-1.990910943298439983e+00,6.195386613183054614e+00
-2.508657764129980539e+00,-2.008959841178275862e+00,6.087643596648699251e+00
-2.734360390833292076e+00,-2.183228643336316388e+00,6.276584562839492065e+00
-2.241187239693638755e+00,-2.886108409989111667e+00,7.720890478863547735e+00
-2.455334984232930839e+00,-2.926676963660012287e+00,7.670813883985433179e+00
-2.377596726129470373e+00,-3.273869653222953424e+00,8.296334525385121950e+00
-2.083015354132043306e+00,-1.563314622412319999e+00,6.245911113723014552e+00
-2.705419310868556693e+00,-1.703114906354771252e+00,5.483365870214083948e+00
-2.196238699184015264e+00,-1.817889372387433422e+00,5.919410370474743388e+00
-2.162698091852392590e+00,-1.530119673282507975e+00,5.430889215978330853e+00
-2.691508083471948698e+00,-1.780949144008215246e+00,5.614596451081406592e+00
-2.796163010255991566e+00,-2.614853458367614625e+00,6.966763244275488987e+00
-2.918720959174974539e+00,-3.204570486735689450e+00,7.912159496972993367e+00
-2.719031473909882202e+00,-1.357899080786685531e+00,5.477964114591848954e+00
-2.090748745637779571e+00,-1.914202891548774099e+00,6.145525530836322581e+00
-2.397488554988176368e+00,-2.929773618979728766e+00,7.702357656826740673e+00
-2.860456448627299864e+00,-2.754152056112606939e+00,7.175996912114302795e+00
-2.226177945910026157e+00,-1.580868577592368762e+00,5.512628017135200231e+00
-2.101641939382481006e+00,-1.326689337016877301e+00,5.883305571470728523e+00
-2.911370641429183781e+00,-2.215243990694021115e+00,6.265493717524046602e+00
-2.117212598630766607e+00,-1.840882649226216916e+00,6.001708131682557124e+00
-2.250384023041063219e+00,-1.590854149267565631e+00,5.531994007318055573e+00
-2.489987185844023454e+00,-1.163373807882804867e+00,5.475252520434618297e+00
-2.461669948559539911e+00,-2.244857131313596543e+00,6.501287107262919029e+00
-2.990471365343241317e+00,-2.024890980611751878e+00,5.908114575703422133e+00
-2.825185363477469291e+00,-2.371334763060848783e+00,6.539386607607015733e+00
-2.086077527062948800e+00,-1.835245101871998630e+00,6.011262308948220223e+00
-2.225355493563882625e+00,-3.229581413343970198e+00,8.303591305673352352e+00
-2.412603979088058903e+00,-2.345934361776909061e+00,6.698020183097183278e+00
-2.478689635870090058e+00,-1.730203453036935457e+00,5.624739210720857585e+00
-2.907228584830427565e+00,-2.601761389473988828e+00,6.897634875327763204e+00
-2.946909859150275590e+00,-1.977658763971401168e+00,5.858270851155581660e+00
-2.502944468217553453e+00,-3.049603143210580569e+00,7.827145629635698043e+00
-2.219484621076231345e+00,-1.801223478861976757e+00,5.889866692310675056e+00
-2.711658337409015740e+00,-2.631682419925282623e+00,7.030997101470743971e+00
-2.980087640241844582e+00,-2.234720004784426006e+00,6.268504346959461238e+00
-2.190458099067533304e+00,-1.687212811189547468e+00,5.716047979343940710e+00
-2.453214584906278972e+00,-1.666440722307624078e+00,5.537452431659997565e+00
-2.464369673939697414e+00,-2.827812930222783905e+00,7.498107170292274581e+00
-2.903678566391792337e+00,-1.446362350667708796e+00,5.543892425800931001e+00
-2.128641629204684804e+00,-1.246550159575487982e+00,5.936985129755622204e+00
-2.213688458367535805e+00,-1.831829224987404192e+00,5.946953968293526849e+00
-2.655867539415859291e+00,-2.561201776242780337e+00,6.946585730921176705e+00
-2.261417943014531140e+00,-2.299293447524004996e+00,6.697575655511518455e+00
-2.402893337852964883e+00,-2.966006693852288212e+00,7.763925570900499729e+00
-2.967233241901563456e+00,-2.458484838783545623e+00,6.627622036553282747e+00
-2.098046907203367173e+00,-1.541413147766140135e+00,6.136024481161394206e+00
-2.826620003783404833e+00,-2.108823996036663928e+00,6.110769629240556000e+00
-2.857128509764420787e+00,-1.834933019501428841e+00,5.653523305478343808e+00
-2.175807228984903752e+00,-1.663674826087558456e+00,5.676932698313412295e+00
-2.109956786096321313e+00,-1.475768719894674286e+00,6.253367252449764102e+00
-2.206790388577769768e+00,-1.065894643370033368e+00,5.409440830447525883e+00
-2.168343279297363591e+00,-1.516491180232256486e+00,5.436479316008248297e+00
-2.971318061673477562e+00,-1.964372416049901648e+00,5.819294784745237870e+00
-2.301884999988637936e+00,-2.042501141913959817e+00,6.236607430481970304e+00
-2.160223409100863190e+00,-1.916916515203904492e+00,6.110221123619001382e+00
-2.568555034968520001e+00,-2.304174320821466448e+00,6.557933697952939234e+00
-2.993167479373760376e+00,-2.243797999983737856e+00,6.272353510837318957e+00
-2.143379514043887824e+00,-3.226044747244358302e+00,8.336841020934670610e+00
-2.696354186221523896e+00,-2.149576220394692871e+00,6.262017938348410695e+00
-2.181251219207958059e+00,-1.865897823962001212e+00,6.008361291267986459e+00
-2.968126206266609390e+00,-2.865899842934003239e+00,7.312506210242597504e+00
-2.911466125893806822e+00,-2.882613753773551668e+00,7.359617363160044334e+00
-2.784364232561747698e+00,-2.695665013979747560e+00,7.106099513021509217e+00
-2.395466385093756312e+00,-3.203092216715038187e+00,8.150447857763760240e+00
-2.102539542347792612e+00,-1.927879264495454104e+00,6.148105410473403865e+00
-2.151739138939018137e+00,-2.678823634182526003e+00,7.411714725798481673e+00
-2.143096346305074285e+00,-1.492637069318624610e+00,5.411666321396210400e+00
-2.535333120053274492e+00,-2.244205330418454380e+00,6.470394365988444640e+00
-2.512601060909105399e+00,-1.753944393146933844e+00,5.663785426932931522e+00
-2.203085803379198460e+00,-2.605106113949755553e+00,7.259672948588372421e+00
-2.395854500735249637e+00,-1.986224360233523223e+00,6.103028215118714961e+00
-2.991943952481227242e+00,-2.191879227309023737e+00,6.187260165319958816e+00
-2.121843854226316939e+00,-1.667565544055879201e+00,5.720697542679778813e+00
-2.940316669313687292e+00,-2.580109460085634243e+00,6.855910428506071241e+00
-2.102938631648057832e+00,-2.547769124572548005e+00,7.225399288157249522e+00
-2.079270243770711346e+00,-1.818704378200959537e+00,5.980042612080441522e+00
-2.124132865285800253e+00,-1.962890355049256019e+00,6.217891436108765824e+00
-2.132869926136021999e+00,-1.966308966876802344e+00,6.200677550683242778e+00
-2.239823512539722117e+00,-1.846515650213192750e+00,5.955095549923100862e+00
-2.691434631170210867e+00,-2.368018263595001560e+00,6.595961187494985722e+00
-2.965308158870134658e+00,-2.405967233121976800e+00,6.549563271871907233e+00
-2.479763803157335911e+00,-2.767216932969044585e+00,7.385531105241500249e+00
-2.770037367333820111e+00,-1.896130524251166349e+00,5.780275138591040474e+00
-2.699344008668786099e+00,-2.694977011422408086e+00,7.152330630021360491e+00
-2.537144627337703184e+00,-1.768187490340596968e+00,5.677353784438595952e+00
-3.090064729289498491e+00,-1.944470517904310469e+00,5.747100685686353572e+00
-2.746452909603412706e+00,-1.349052459962733153e+00,5.494467974796853227e+00
-2.159127852546454118e+00,-1.623354558900236277e+00,5.630480228377110485e+00
-2.098440874156376701e+00,-1.977020586893374787e+00,6.243286955498662749e+00
-2.856949348307467496e+00,-3.164457293033595686e+00,7.859870843955126141e+00
-2.962191234505295423e+00,-2.458574354605106649e+00,6.638051908964823333e+00
-2.232503434862435299e+00,-1.691206232280777932e+00,5.708887138133916572e+00
-2.150306002218870915e+00,-1.838020447326744300e+00,5.982056136900154364e+00
-2.446169662009064716e+00,-2.099382157256045822e+00,6.269763867631170662e+00
-2.466719959524935391e+00,-2.323260606352545388e+00,6.635375535682942250e+00
-2.455046481357927579e+00,-1.692740276369102848e+00,5.583902941355794347e+00
-2.793866616183548146e+00,-1.745960683099556210e+00,5.534863598742431279e+00
-2.969575469294536862e+00,-1.941308820567640980e+00,5.787599755647758748e+00
-2.673043190568570981e+00,-2.642342574204035177e+00,7.068663675162063065e+00
-2.107204584519605017e+00,-1.713840042157329435e+00,6.733774632788048109e+00
-2.545840769520574920e+00,-2.278764141686543621e+00,6.519569675796059727e+00
-2.935757438432489597e+00,-1.448836461224417560e+00,5.571973685346954142e+00
-2.232560485846816878e+00,-1.549128012496451712e+00,5.462486396573053682e+00
-2.396000765886129980e+00,-1.157039568355235915e+00,5.417637249453500559e+00
-2.192028242937070992e+00,-2.007445420115631762e+00,6.236573316640543041e+00
-3.045914813086152417e+00,-2.166168585772323851e+00,6.114667264408710778e+00
-2.536760293422549939e+00,-3.120665342178784218e+00,7.935439212671974829e+00
-2.090122620471610126e+00,-2.105020228348272848e+00,7.281914566068313555e+00
-3.041948853683626997e+00,-2.172670797629702388e+00,6.132288805840077295e+00
-2.746768648103242949e+00,-2.163734375750661520e+00,6.227723749647142704e+00
-2.530765583848116673e+00,-1.734231825902110780e+00,5.612503402610808934e+00
-2.998100741292000215e+00,-2.135145971401529064e+00,6.094284747189647966e+00
-2.830663860676909227e+00,-1.382455119001435362e+00,5.535620473320999047e+00
-2.210210052132415282e+00,-1.835034888471667625e+00,5.954234141810127667e+00
-2.436517393564070044e+00,-2.673481671709222240e+00,7.245648715252000827e+00
-2.364014010331146665e+00,-1.091446125177399695e+00,5.448732589211579658e+00
-2.771498531893136885e+00,-1.338875651194777472e+00,5.518343915644548403e+00
-2.196397274177282810e+00,-2.544078615808073707e+00,7.154903417825965839e+00
-2.088100540722426235e+00,-1.756719066999854251e+00,6.641409849276699973e+00
-2.613837180785566261e+00,-1.259691674981253007e+00,5.458751808655692095e+00
-2.007178571149990542e+00,-1.888989026616800126e+00,6.182394228337149578e+00
-2.109389526444453544e+00,-1.782712630210584237e+00,5.909017945600808730e+00
-2.559634068891391223e+00,-1.269207786062656274e+00,5.444782258638385386e+00
-2.886064741819884372e+00,-3.003081307194947591e+00,7.581037033514910206e+00
-2.907535389131286951e+00,-2.445007376326871373e+00,6.624618670106639406e+00
-2.922074143974460636e+00,-2.438565708368020335e+00,6.631732042672473071e+00
-2.099967005449820512e+00,-1.856559106386687086e+00,6.893849554997739659e+00
-2.995691209247086650e+00,-2.211683494770262826e+00,6.225361571659489002e+00
-2.958655927477564784e+00,-2.941515853007546255e+00,7.446403494093925879e+00
-2.490689284747069188e+00,-1.935366311284149488e+00,5.975753990126947635e+00
-2.124083543231706450e+00,-2.877590864944089777e+00,7.760128416982548849e+00
-2.120371410977932580e+00,-1.357146530911331750e+00,6.100265516079561579e+00
-2.660461345499101959e+00,-2.852941521518751244e+00,7.440101603339237535e+00
-2.066934326098514241e+00,-2.134934705934798949e+00,7.213397188487241429e+00
-2.115453174874522446e+00,-1.557424630647187502e+00,5.522632900018033197e+00
-2.273127922485306929e+00,-1.692199813869107006e+00,5.684990260542447160e+00
-2.069267169624574354e+00,-1.909673121997508050e+00,6.152658435530397263e+00
-2.438267234737864442e+00,-2.241223083266301597e+00,6.506200929288661783e+00
-2.246711009724601471e+00,-2.007261421185015493e+00,6.215469898011183325e+00
-2.250793535250985133e+00,-1.823878582433525741e+00,5.911727028614861545e+00
-2.110988415102429183e+00,-1.239686383902753208e+00,5.838718031963672672e+00
-2.489788627919835573e+00,-2.308597643743616423e+00,6.596632294526571627e+00
-2.784120629622197196e+00,-2.883719686130409521e+00,7.426624118357430859e+00
-2.759684242448932956e+00,-1.340683101719778003e+00,5.511666494631456636e+00
-2.730499694972244207e+00,-2.154303479300435864e+00,6.232741879600730783e+00
-2.453885626149477250e+00,-1.895747611591894088e+00,5.923868795581253899e+00
-2.498386968750849757e+00,-2.354169917644558740e+00,6.679266609326736770e+00
-2.086538570257034930e+00,-1.493782440530319500e+00,6.141917976750491448e+00
-2.417611549973014640e+00,-1.763578793799188915e+00,5.718976362988371420e+00
-2.183180000502075835e+00,-2.033774011354874123e+00,6.289803972050913572e+00
-2.127927309257128918e+00,-3.227066768849844891e+00,8.364695223550661751e+00
-2.481537191938721243e+00,-1.131188695520619625e+00,5.461928336438914400e+00
-2.749704010735550597e+00,-1.347994082939379501e+00,5.510980390997220368e+00
-2.770078135906129280e+00,-2.855287364488780621e+00,7.381856537310619970e+00
-2.780512666776088437e+00,-2.147236561469690663e+00,6.197279746766410469e+00
-2.745706533012725270e+00,-1.301686147466094567e+00,5.533731955585867723e+00
-2.776758414921035811e+00,-2.305265467508667232e+00,6.441684523092439107e+00
-2.147745462979182562e+00,-1.882167555497649136e+00,6.057634584589249194e+00
-2.287602899777686716e+00,-2.585722606581980276e+00,7.180032576404831168e+00
-2.498651577684483982e+00,-1.976749552587226955e+00,6.039217800358834154e+00
-2.860456448627299864e+00,-2.754152056112606939e+00,7.175996912114302795e+00
-2.271430768050507254e+00,-2.509924217743572328e+00,7.058422040248024665e+00
-2.476829187487029404e+00,-2.854243848409945272e+00,7.541441912782278045e+00
-2.518849683161248354e+00,-2.940367420236468909e+00,7.661092958169906986e+00
-2.159128624877865832e+00,-2.012070440815162620e+00,6.268628957992659956e+00
-2.820494418277380788e+00,-2.858409226483292098e+00,7.388630208007136879e+00
-2.214343853504525672e+00,-2.011977415549705661e+00,6.247594648060267097e+00
-2.691656327594721176e+00,-1.739287972434232721e+00,5.555031133453441683e+00
-2.104287300824044582e+00,-2.043019585434475704e+00,7.315692950272857153e+00
-2.489603915774861509e+00,-1.724848960297779454e+00,5.629450837729208068e+00
-2.235110437040372044e+00,-1.657309623808864263e+00,5.635520148795067463e+00
-2.442657090096186145e+00,-1.991712511162565757e+00,6.081906448450338232e+00
-2.070738312168518114e+00,-1.914929082977957941e+00,6.152254910073575722e+00
-2.547291876384282006e+00,-1.813557178864325214e+00,5.745443433691460378e+00
-2.483857379350805861e+00,-2.967492875791958973e+00,7.713839421401733176e+00
-2.079697334387802687e+00,-2.037277431830804453e+00,7.099565867515372553e+00
-2.124132865285800253e+00,-1.962890355049256019e+00,6.217891436108765824e+00
-2.115453174874522446e+00,-1.557424630647187502e+00,5.522632900018033197e+00
-2.712823026386956826e+00,-2.671359689332862164e+00,7.107611721089404533e+00
-2.246979626069852021e+00,-2.337564992971610245e+00,6.771073412405900882e+00
-2.769977990339547169e+00,-1.359793601017667442e+00,5.505464920963401454e+00
-2.528533152002585549e+00,-3.233322476706298243e+00,8.144622310813225852e+00
-2.549061386536787044e+00,-1.677168292510953007e+00,5.510162899748127785e+00
-2.095270771787374198e+00,-1.642532471628931567e+00,6.445134825840787229e+00
-2.187755318695186801e+00,-1.846226053119459198e+00,5.979872285074059768e+00
-2.721563104001424538e+00,-2.904300923079383701e+00,7.484068041321882525e+00
-2.692030941572287173e+00,-3.267971920529995966e+00,8.116118026223265502e+00
-2.076328542712611469e+00,-2.173514841426171795e+00,7.369452619751577949e+00
-2.273678966362588483e+00,-1.618343536764059065e+00,5.556626761644248624e+00
-2.313851420907973910e+00,-1.950227555480932518e+00,6.080070410495951982e+00
-2.295565341477660226e+00,-1.583256803241148258e+00,5.480199670435061066e+00
-2.436517393564070044e+00,-2.673481671709222240e+00,7.245648715252000827e+00
-2.796279883054536342e+00,-1.422372101649509890e+00,5.487154738436772483e+00
-2.943310537373835523e+00,-1.913223911302414093e+00,5.745798208741355495e+00
-2.391537869325128796e+00,-2.245392181166892431e+00,6.542015251643342744e+00
-2.433937921886099698e+00,-2.663305516440693577e+00,7.219739044347473822e+00
-2.134319092345561053e+00,-1.754879030185756417e+00,5.852208059925207984e+00
-2.971318061673477562e+00,-1.964372416049901648e+00,5.819294784745237870e+00
-2.394290187129079150e+00,-3.213111251575338834e+00,8.186483941950108090e+00
-2.736395022717593495e+00,-2.104337365756365319e+00,6.142231545304861484e+00
-3.004605683078242162e+00,-2.632837715428059333e+00,6.898027753980962906e+00
-2.460490178673057304e+00,-2.260555272291165707e+00,6.536269239765802652e+00
-2.248822650573544024e+00,-2.318283510205783493e+00,6.737230239556390110e+00
-2.987368988044434293e+00,-1.966754634389579648e+00,5.826862266875677321e+00
-2.229099714457893011e+00,-2.260302029112353228e+00,6.654489610201402172e+00
-2.051701332417133816e+00,-2.419293189041288983e+00,6.998305764116666161e+00
-2.509247012364958174e+00,-2.020247239851111321e+00,6.117022393106769762e+00
-2.985111065844886724e+00,-2.470724300169542254e+00,6.650087968985086917e+00
-2.498651577684483982e+00,-1.976749552587226955e+00,6.039217800358834154e+00
-2.647193765700663448e+00,-2.447812889904364297e+00,6.780420877824830939e+00
-2.157008957218407019e+00,-3.267503072185871993e+00,8.410227892504554603e+00
-2.252927350237823312e+00,-1.956362717483561164e+00,6.124036737158098376e+00
-2.447100738620974436e+00,-1.973830700667007054e+00,6.055424941298394259e+00
-3.064218107833975413e+00,-1.877940224159345473e+00,5.652051145243651042e+00
-2.234413260882825103e+00,-1.829084561675126563e+00,5.913449496788802051e+00
-2.431789123935354180e+00,-2.004467450457558808e+00,6.116631387580296675e+00
-2.566434049976164200e+00,-1.967859704474008264e+00,5.993051920553329026e+00
-2.735197489953764993e+00,-1.784885864377362852e+00,5.607962960014543974e+00
-2.774237948869890946e+00,-2.199036442773142586e+00,6.291422340626043663e+00
-3.024901190286386043e+00,-2.262147798764917006e+00,6.291901313030912490e+00
-2.151514441014979795e+00,-1.817225587651237539e+00,5.944962394884248269e+00
-2.145503060086853431e+00,-3.200705264723475718e+00,8.301606961124329942e+00
-2.936731577997764742e+00,-3.099362990153414987e+00,7.719105376682609432e+00
-2.113065471368829495e+00,-1.798060592581007144e+00,5.926826778905261328e+00
-2.876752505255947945e+00,-2.971932822378960282e+00,7.522649884245436347e+00
-2.548540548227756108e+00,-1.755238773822733522e+00,5.652138113138747144e+00
-2.950221085477704897e+00,-2.242003991275414165e+00,6.278136177311465893e+00
-2.112709768210492722e+00,-1.571729969569833685e+00,6.433146170926404395e+00
-2.120577493607931352e+00,-1.234798533822498490e+00,5.874944943582335988e+00
-2.241187239693638755e+00,-2.886108409989111667e+00,7.720890478863547735e+00
-2.132032115153986940e+00,-2.000685482221195244e+00,6.264480733785915412e+00
-2.436299047996102640e+00,-2.214288967853033530e+00,6.466043276266112194e+00
-2.673922145112050508e+00,-2.937701891438745605e+00,7.571952449835913868e+00
-2.488810208201460039e+00,-2.374862128698226105e+00,6.714427675248832550e+00
-2.165523981610347981e+00,-1.614661359228700244e+00,5.607106794300127817e+00
-2.081892654661051001e+00,-1.875129063830903720e+00,6.084862368136834121e+00
-2.459198082008835495e+00,-2.970456153130778709e+00,7.736982530493865085e+00
-2.102490287651340495e+00,-2.023859542922525456e+00,7.226254635637435086e+00
-2.804940898931505000e+00,-2.290627448908289843e+00,6.410567308290477051e+00
-2.747783701694331615e+00,-2.008924400073428096e+00,5.981298929154696964e+00
-2.361215900899977793e+00,-2.623474145174709893e+00,7.220590741647026967e+00
-2.930091395251009256e+00,-2.208775646150133998e+00,6.237183890999518532e+00
-2.754082490029774455e+00,-1.837971304114813798e+00,5.697318858901193828e+00
-2.760378822374575769e+00,-2.279372543767816506e+00,6.406571114194468564e+00
-2.167008230157976278e+00,-1.560048713077615723e+00,5.517925958293941058e+00
-2.707897904009776369e+00,-2.214795422953101500e+00,6.346785984529150326e+00
-2.087124298555312674e+00,-1.836868832413695696e+00,6.795794414527756011e+00
-2.706479559844018112e+00,-1.990801831519246612e+00,5.953386966810537473e+00
-2.358538152093457629e+00,-2.246050328884697578e+00,6.570076284693021407e+00
-2.156043478087476650e+00,-1.867474830272424224e+00,6.025781483294382568e+00
-2.734029789075844707e+00,-2.135688295352837329e+00,6.203860385642506081e+00
-2.762621153186068490e+00,-1.747475448116084351e+00,5.539846655191992930e+00
-2.489788627919835573e+00,-2.308597643743616423e+00,6.596632294526571627e+00
-2.164633661727967340e+00,-1.537798352981702754e+00,5.468594980798330063e+00
-2.872949303023034862e+00,-2.644929522045596837e+00,6.983004351523491415e+00
-2.478689635870090058e+00,-1.730203453036935457e+00,5.624739210720857585e+00
-2.808462332125248651e+00,-1.365922180471996317e+00,5.538805234171949365e+00
-2.939607556351691908e+00,-2.656743001695139661e+00,6.979796324146978925e+00
-2.086077527062948800e+00,-1.835245101871998630e+00,6.011262308948220223e+00
-2.556233147516096427e+00,-1.788917442178436179e+00,5.693659064132011061e+00
-2.723441307052000493e+00,-2.688688203507676899e+00,7.124330079831847407e+00
-2.732500156089601617e+00,-1.783063725131933230e+00,5.612299139433959638e+00
-2.531933549336483402e+00,-2.228092230019075082e+00,6.442157690815159654e+00
-2.453865473487336857e+00,-2.897908655387285481e+00,7.607751866792412443e+00
-2.428534826830989868e+00,-2.934538480837325825e+00,7.697876328121948220e+00
-2.473392876140135144e+00,-2.345429712570369141e+00,6.681308126659057933e+00
-2.124176088755477920e+00,-2.316078725298138519e+00,6.814670435577249386e+00
-2.483677833028504978e+00,-2.048110993416144332e+00,6.160406865653019537e+00
-2.085528205726614459e+00,-1.842862228598571406e+00,6.741716415585600863e+00
-2.105326246412503544e+00,-1.261248165254048148e+00,5.849159792120945944e+00
-2.616934418446038801e+00,-2.929307707301011643e+00,7.571784051308170227e+00
-2.138705597090294397e+00,-1.130144273413918876e+00,5.749383569048047704e+00
-2.908949819991801355e+00,-2.187929999934642655e+00,6.214453675809259003e+00
-2.903678566391792337e+00,-1.446362350667708796e+00,5.543892425800931001e+00
-2.531933549336483402e+00,-2.228092230019075082e+00,6.442157690815159654e+00
-2.082033606432637463e+00,-2.202538675162113879e+00,7.416418237436799288e+00
-2.943376196895496122e+00,-2.863456134402085240e+00,7.308244164527728515e+00
-2.797925432895362885e+00,-1.407242538291469280e+00,5.511835274573695820e+00
-2.746470246320351638e+00,-1.891808063830985098e+00,5.791411132339648660e+00
-2.104287300824044582e+00,-2.043019585434475704e+00,7.315692950272857153e+00
-2.103747307835497349e+00,-1.987913843757157739e+00,6.258877777007457510e+00
-2.539903676354356321e+00,-1.941711782266963171e+00,5.967428358507802066e+00
-2.446679295204323701e+00,-1.919676118088882832e+00,5.964213186181196669e+00
-2.159728276454748741e+00,-2.488728611860329121e+00,7.088054356755200125e+00
-2.521190000924079744e+00,-1.233382077365473561e+00,5.440381579889101538e+00
-2.772524696080017836e+00,-1.760259339456294203e+00,5.553300681678209116e+00
-2.142292251569656081e+00,-1.784650483611265548e+00,5.903713090492135329e+00
-2.080126884589972303e+00,-2.072921968282123384e+00,7.168293708165750289e+00
-2.213439612321200567e+00,-2.244541480787636267e+00,6.636313705233072291e+00
-2.111853630337184651e+00,-1.213768434323614587e+00,5.790899674747686632e+00
-2.754310061872037974e+00,-1.735277435159737758e+00,5.523166262359340273e+00
-2.237561496530091176e+00,-2.183769280033919458e+00,6.510468226424466209e+00
-2.501249562108263547e+00,-1.149926548228254575e+00,5.458996668773345107e+00
-2.937259521395204853e+00,-2.138901006979732955e+00,6.109289671626328300e+00
-2.097043454432417686e+00,-1.481497122950270695e+00,6.203462811716131675e+00
-2.990369296015485734e+00,-2.211695878288995498e+00,6.213975879693672155e+00
-2.759502492615200975e+00,-2.413614876325174574e+00,6.651989864630927229e+00
-2.290846090973887694e+00,-1.947162432848801528e+00,6.091188296391270462e+00
-2.960655452336907967e+00,-2.254929337841721004e+00,6.292278938255088327e+00
-2.537979798255042940e+00,-1.215544075513532496e+00,5.450931026293067028e+00
-2.919228528932138467e+00,-2.611478512811773456e+00,6.906049942791995910e+00
-2.518483040986602806e+00,-2.825662309969576125e+00,7.469506927467568502e+00
-2.154125635152404517e+00,-1.920332452931252654e+00,6.105152372979400610e+00
-2.512071614768796479e+00,-2.277829406380715849e+00,6.547954911789809707e+00
-2.490349345639736089e+00,-1.731749613380065833e+00,5.635604424356606579e+00
-2.230602944339800331e+00,-1.890142900058890296e+00,6.029411982867031838e+00
-2.513206757086491994e+00,-2.817148214587049004e+00,7.448528439871918927e+00
-2.955903690963767705e+00,-2.893678074442105785e+00,7.359879628227242065e+00
-2.825852129802566726e+00,-1.795584464686963200e+00,5.591218011431029922e+00
-2.435603044820748853e+00,-1.913920072970616504e+00,5.966058859534027370e+00
-2.727250816236823638e+00,-2.406014778475628280e+00,6.644841074517767510e+00
-2.485630987885838472e+00,-2.089130593694649818e+00,6.235193682075665933e+00
-2.592125108671428979e+00,-2.038638461202874286e+00,6.109421365152443606e+00
-2.295381685611507017e+00,-1.920984192954018122e+00,6.039807620113090358e+00
-2.796163010255991566e+00,-2.614853458367614625e+00,6.966763244275488987e+00
-2.159071751440818421e+00,-1.522187040281360204e+00,5.466667207163699693e+00
-2.200284168539718976e+00,-2.634069568608832235e+00,7.302311370514424027e+00
-2.760378822374575769e+00,-2.279372543767816506e+00,6.406571114194468564e+00
-2.472284722942561519e+00,-2.009905933240013542e+00,6.111011337696048429e+00
-2.248822650573544024e+00,-2.318283510205783493e+00,6.737230239556390110e+00
-2.603231152441682017e+00,-1.222775217799486835e+00,5.475295108311651227e+00
-2.310009559765267451e+00,-1.558485491668642364e+00,5.434304544362826839e+00
-2.119714145128082539e+00,-1.264765185738329523e+00,5.924422134773735138e+00
-2.558752746677346313e+00,-2.279919173087193496e+00,6.513934188255613655e+00
-2.734443197576348350e+00,-2.091909159956969244e+00,6.132583001597043726e+00
-2.200875885680207755e+00,-1.802126938635105535e+00,5.897012949284810901e+00
-2.537626720847989681e+00,-2.252484076742401253e+00,6.472289253075829585e+00
-2.074903483490396106e+00,-2.412527528591178250e+00,7.720257582145724662e+00
-2.095812219982094771e+00,-1.591611687190755298e+00,6.366688883317418224e+00
-2.747079113521393445e+00,-1.337076318729038427e+00,5.496381910563751028e+00
-2.422507687319294778e+00,-2.006291564438045683e+00,6.120204213307207652e+00
-2.101010597326383511e+00,-1.796446881225310266e+00,6.791178992937290104e+00
-2.518849683161248354e+00,-2.940367420236468909e+00,7.661092958169906986e+00
-2.102269724086042846e+00,-1.267416637677459601e+00,5.832674258579671367e+00
-2.670900191341798013e+00,-2.052819112675398738e+00,6.088256941586270621e+00
-2.164633661727967340e+00,-1.537798352981702754e+00,5.468594980798330063e+00
-2.803278379125228703e+00,-2.103423720199219638e+00,6.114831110563918593e+00
-2.071109582200410859e+00,-2.282095829299116474e+00,7.465132783569286445e+00
-2.387544748463599653e+00,-2.933060789958586323e+00,7.722579064855864317e+00
-2.448448005763774304e+00,-2.810431207602467563e+00,7.469383462487575898e+00
-2.439867686731718610e+00,-2.069074049899140455e+00,6.215614532270269166e+00
-2.109881101055340658e+00,-1.765728665438701217e+00,6.825590783418789442e+00
-2.081895034803701527e+00,-2.404691353094738915e+00,7.761428047036564415e+00
-2.920856814246714617e+00,-2.242604059817644657e+00,6.298891278339992184e+00
-2.902808047105674305e+00,-3.156455336976139670e+00,7.824220172324558575e+00
-2.088119663466619258e+00,-1.541799299534953871e+00,6.242533326750989708e+00
-2.896633018016807171e+00,-3.009201196595972849e+00,7.592286730119450766e+00
-2.112930508528864326e+00,-1.414407418949062079e+00,6.158346690905107224e+00
-2.261766226875413288e+00,-2.841565179248683126e+00,7.615073180031832756e+00
-2.943648903398250027e+00,-1.391229605393499158e+00,5.611848525396090359e+00
-2.488916930248471271e+00,-1.210292022220534447e+00,5.429660692114878451e+00
-2.316989353703478915e+00,-1.582910436042536340e+00,5.479408821786697636e+00
-2.124647971471564034e+00,-1.128604430369887002e+00,5.717238327153616240e+00
-2.779731309983591192e+00,-3.126579096498051324e+00,7.840819446156858774e+00
-2.680497273548986037e+00,-2.619565565065863133e+00,7.036425862057127389e+00
-2.775878809454075835e+00,-1.838186277612757547e+00,5.681891683982258634e+00
-2.800061798524439372e+00,-2.108067543775086872e+00,6.127787752647724240e+00
-2.777438147290101078e+00,-2.079134716165594199e+00,6.081741382103484916e+00
-2.697190701922795419e+00,-2.989596325863294268e+00,7.639783072435741396e+00
-2.694426889053031182e+00,-2.659507981743288063e+00,7.086947679978676362e+00
-2.446134932210536128e+00,-2.954478077058332985e+00,7.729339903484422791e+00
-2.884722604442623961e+00,-2.622066786733605159e+00,6.937666941780485708e+00
-2.443104680506011039e+00,-2.829185160717840652e+00,7.489353550723317099e+00
-2.960655452336907967e+00,-2.254929337841721004e+00,6.292278938255088327e+00
-2.107735652753608857e+00,-1.233846278608019320e+00,5.795528772325952538e+00
-2.863151028435838796e+00,-3.184092191763190804e+00,7.889516192107895343e+00
-2.490349345639736089e+00,-1.731749613380065833e+00,5.635604424356606579e+00
-2.430283952271450776e+00,-1.961585268018045891e+00,6.041721684150269667e+00
-2.453075812042210035e+00,-1.760736523584676583e+00,5.744294968139524116e+00
-2.605884886313079907e+00,-3.205197739572067217e+00,8.071782331619450801e+00
-2.940191948615899609e+00,-2.925261414446625796e+00,7.416385389661374283e+00
-2.158834010968392558e+00,-2.019538499933447806e+00,6.277260165392994473e+00
-2.223250834566611989e+00,-2.330537951422321452e+00,6.772723849131607743e+00
-2.111349861302831421e+00,-1.455052644425329333e+00,6.189113210500955198e+00
-2.700119399087439032e+00,-1.366352188362020881e+00,5.456561689302567686e+00
-2.282680923709481391e+00,-1.614752874760341017e+00,5.546733066837301607e+00
-2.829599257993585137e+00,-1.778454230291886873e+00,5.573537828424730556e+00
-2.946680565330464852e+00,-2.686276379100836387e+00,7.017246208434254839e+00
-2.937251647094369922e+00,-1.986770641174401275e+00,5.875018611722904183e+00
-2.074524696612960462e+00,-1.910059640084097232e+00,6.777115932006995358e+00
-2.693648475024161826e+00,-2.645567331014376133e+00,7.077884800651756514e+00
-2.123132926622292693e+00,-2.035158931897039558e+00,6.341701134590464584e+00
-2.473744945593067346e+00,-3.151820446148255961e+00,8.040957841138791196e+00
-2.694016203643562424e+00,-1.304602761421882029e+00,5.486851539295487967e+00
-2.570851453268634845e+00,-1.287032565907893611e+00,5.424788919026651612e+00
-2.107713807792104266e+00,-2.057358915609369010e+00,7.367309832584609808e+00
-2.264755640273222070e+00,-2.602034990862816421e+00,7.210778766982647525e+00
-2.446721546036918937e+00,-1.688201365861470293e+00,5.580561496905214192e+00
-2.138932906301651116e+00,-1.940776814554431962e+00,6.172377972499390353e+00
-2.292645874261725059e+00,-1.688798969729815580e+00,5.669880023586958195e+00
-2.177639117257304857e+00,-2.541149776229883361e+00,7.165242485746241563e+00
-2.202088456022177620e+00,-1.555361841260404443e+00,5.493688675461497084e+00
-2.113245850426280992e+00,-1.698439305473049776e+00,6.712337925434664676e+00
-2.556233147516096427e+00,-1.788917442178436179e+00,5.693659064132011061e+00
-2.230963511890545536e+00,-2.050428346316557349e+00,6.296717189946319237e+00
-2.090341575241714711e+00,-1.846316320583589077e+00,6.028669723613986342e+00
-2.284999786462773130e+00,-2.224976762182278023e+00,6.562907955419513328e+00
-2.694183761093254859e+00,-2.631199373065094882e+00,7.041422387117308723e+00
-2.964425098300053740e+00,-3.002963325792852967e+00,7.538197473462908249e+00
-2.240632827766232626e+00,-1.700466950480961081e+00,5.716524118452635861e+00
-2.524547571235144616e+00,-2.531640078207185063e+00,6.935259724700507888e+00
-2.373121247107224718e+00,-2.387026740381878565e+00,6.806212474061910989e+00
-2.901183500589417541e+00,-2.982915267117761449e+00,7.536843807820694963e+00
-2.264632067634475554e+00,-1.656032392020005295e+00,5.615838984116870769e+00
-2.736395022717593495e+00,-2.104337365756365319e+00,6.142231545304861484e+00
-2.537144627337703184e+00,-1.768187490340596968e+00,5.677353784438595952e+00
-2.968613819182706060e+00,-1.999554565135052364e+00,5.882069373104171994e+00
-2.217289674042218994e+00,-2.539616622688185554e+00,7.133082600882808322e+00
-2.280321013536249719e+00,-1.670355144277127168e+00,5.643857410613715153e+00
-2.269393506162860952e+00,-1.968591027336204391e+00,6.137599955583538325e+00
-2.573077471792511783e+00,-1.307583352260480059e+00,5.426319109715072919e+00
-2.138549577504648358e+00,-1.801623891989271309e+00,5.927429512556004809e+00
-2.553732566576669694e+00,-1.994216131665164760e+00,6.029578806999507101e+00
-2.222562772636215378e+00,-1.856870528199456638e+00,5.982555809832214244e+00
-2.217622168088112300e+00,-2.030009600228926736e+00,6.273258719631289004e+00
-2.144709464896970008e+00,-2.599804574613424180e+00,7.281268736977040135e+00
-2.225824033984569628e+00,-2.377171261460903295e+00,6.877777008306470208e+00
-2.495613654121715985e+00,-2.967813075500197240e+00,7.719414383242207300e+00
-2.533032373769880774e+00,-2.249465278280440295e+00,6.479741721757664052e+00
-2.108598118852471615e+00,-1.286489848926926305e+00,5.859343601382075661e+00
-2.674472714882800251e+00,-3.006589164099922051e+00,7.693610916210696260e+00
-2.743033570237494612e+00,-2.660926217140425099e+00,7.063554418709374616e+00
-2.195482983596732662e+00,-3.253336046018373118e+00,8.363742644183369990e+00
-2.798729690746360355e+00,-2.179146865382787457e+00,6.235913285902046965e+00
-2.771812317060710296e+00,-2.264622274869028562e+00,6.388584335516357626e+00
-2.693003317156557053e+00,-2.710722935820210289e+00,7.176574299302526327e+00
-2.699390776451743523e+00,-1.853975329236714265e+00,5.736575532365714380e+00
-2.784177472123539943e+00,-2.185625278916852654e+00,6.254501751906811791e+00
-2.074931808567210823e+00,-2.123261337115684988e+00,7.222585898100990498e+00
-2.719031473909882202e+00,-1.357899080786685531e+00,5.477964114591848954e+00
-2.643841262865390451e+00,-2.636806887142708611e+00,7.075137984079957754e+00
-2.773189268442927347e+00,-1.839037406460916513e+00,5.691561395615410746e+00
-2.182648295966186147e+00,-2.598013449063063973e+00,7.253923283915238329e+00
-2.140832649717103742e+00,-1.588044722992652424e+00,5.572954630416994348e+00
-2.110136949641367998e+00,-1.592745257404614145e+00,5.599203459829827700e+00
-2.628512764405535052e+00,-2.667488610600272203e+00,7.127752599033789771e+00
-2.891501808438386778e+00,-2.921652543554956516e+00,7.429390939005686256e+00
-2.156388434384560071e+00,-1.546545836727202694e+00,5.498168515365665421e+00
-2.217759502605524347e+00,-1.651878226462701660e+00,5.638057911421998192e+00
-2.128680842040894028e+00,-1.353122725422095440e+00,6.167841584212959916e+00
-2.960064651607296593e+00,-3.118742790189036995e+00,7.744638617960856841e+00
-2.086957442491241377e+00,-2.090613179159769075e+00,7.231895793845424691e+00
-2.395002898029098493e+00,-2.658467661019372485e+00,7.245600679535174393e+00
-2.154444568988357123e+00,-2.349912311091936878e+00,6.858627734228138095e+00
-2.967351245915763602e+00,-2.671771341200290362e+00,6.987317934180921064e+00
-2.217289674042218994e+00,-2.539616622688185554e+00,7.133082600882808322e+00
-2.225824033984569628e+00,-2.377171261460903295e+00,6.877777008306470208e+00
-2.929490691656118528e+00,-2.988340333429967632e+00,7.539951069846878795e+00
-2.152706736153826128e+00,-1.899381340975687449e+00,6.074433179177367137e+00
-2.742938035059384827e+00,-2.116432598079928784e+00,6.162587030841469193e+00
-2.448448005763774304e+00,-2.810431207602467563e+00,7.469383462487575898e+00
-2.266203487722339815e+00,-1.670202597239236031e+00,5.644965926910696652e+00
-2.903678566391792337e+00,-1.446362350667708796e+00,5.543892425800931001e+00
-2.480889173917963930e+00,-2.315283818986878739e+00,6.620489379784750383e+00
-2.092735669664484099e+00,-1.489771873552412140e+00,6.170159660855406791e+00
-2.487721023893837202e+00,-1.995707871178955983e+00,6.081686577687429818e+00
-2.387544748463599653e+00,-2.933060789958586323e+00,7.722579064855864317e+00
-2.120633581454262284e+00,-1.226351632212711040e+00,5.848949649879580548e+00
-2.504158693244896039e+00,-2.221378722377292281e+00,6.454202379455336924e+00
-2.531248695438314211e+00,-2.093910482226525094e+00,6.219446044050444655e+00
-2.102171261954819403e+00,-1.902010752375112412e+00,6.113336859168326143e+00
-2.737360663931616589e+00,-2.455282863072675070e+00,6.736637710768904164e+00
-2.114086350408026949e+00,-1.287179866126661576e+00,5.922860770882143910e+00
-2.699390776451743523e+00,-1.853975329236714265e+00,5.736575532365714380e+00
-2.113245850426280992e+00,-1.698439305473049776e+00,6.712337925434664676e+00
-2.273515528819716636e+00,-2.187730242632276223e+00,6.497286206288567456e+00
-2.245610660262615799e+00,-1.949399004471304098e+00,6.114651767667848681e+00
-2.480148916605235510e+00,-3.216752822484957086e+00,8.139815109275527760e+00
-2.710525061986726492e+00,-2.624012656568245561e+00,7.027231801294178126e+00
-2.279516795541618457e+00,-1.108005286094473130e+00,5.385733327227949729e+00
-2.265751288992301049e+00,-2.617968843859572736e+00,7.241304579552135579e+00
-2.385711035222939813e+00,-2.229947830539996456e+00,6.523648563539087952e+00
-2.237734194962122114e+00,-1.828014673710170124e+00,5.925383321696721772e+00
-2.963553865377138941e+00,-2.781549155877671708e+00,7.171631326801062301e+00
-3.003698060488460442e+00,-2.253331748879173091e+00,6.282348093711371817e+00
-2.681805952231631984e+00,-2.416813224714306152e+00,6.704258654413689733e+00
-2.181289530321650183e+00,-2.289831118459268122e+00,6.729327680450369442e+00
-2.461505787372152643e+00,-3.224256759282948082e+00,8.150555047534680853e+00
-2.673858972433520442e+00,-1.312194253028927227e+00,5.430961788172881555e+00
-2.192750804767872985e+00,-1.848124433342113182e+00,5.969545260392925989e+00
-2.135663645222753093e+00,-2.515819480977881106e+00,7.145767157794034041e+00
-2.939582346731971274e+00,-2.267783909190759672e+00,6.332555957396779789e+00
-2.059434558261943327e+00,-2.262985254218929931e+00,7.357569885417500011e+00
-2.974208709800378436e+00,-2.923294136156957101e+00,7.401433152908559521e+00
-2.145488631724960626e+00,-1.034736428222455595e+00,5.629500445202438641e+00
-2.115355368399422176e+00,-1.823631573848448317e+00,5.978496366363898140e+00
-2.074904183365068544e+00,-2.180260568999109694e+00,7.319256905994460993e+00
-2.090341575241714711e+00,-1.846316320583589077e+00,6.028669723613986342e+00
-2.719210133088668435e+00,-2.182360473587454663e+00,6.287834572367096087e+00
-2.171225514922527022e+00,-2.266850847022920945e+00,6.696429075528264718e+00
-2.720081216334576002e+00,-1.319767553865592635e+00,5.490600005814316731e+00
-2.909933952844109939e+00,-2.973040492105290866e+00,7.512496562126605326e+00
-2.180336750793105516e+00,-2.310421381801004870e+00,6.764461485203540292e+00
-2.988886969146951067e+00,-2.221322113992370451e+00,6.232352600497911510e+00
-2.407801016416838191e+00,-2.858582843977421017e+00,7.571204284095292891e+00
-2.252542617553831228e+00,-3.160127249266596383e+00,8.173098722024018770e+00
-2.539473196886994355e+00,-2.065359517137523859e+00,6.174030873680583120e+00
-2.510701686863045623e+00,-1.971446181512478857e+00,6.025411822464813660e+00
-2.751436251552707546e+00,-2.003546962087170868e+00,5.965967842315468062e+00
-2.528777731404728168e+00,-2.010801878655803954e+00,6.083609193446468666e+00
-2.239823512539722117e+00,-1.846515650213192750e+00,5.955095549923100862e+00
-2.946909859150275590e+00,-1.977658763971401168e+00,5.858270851155581660e+00
-2.082332659719599466e+00,-2.207118424047423755e+00,7.393175195016181256e+00
-2.548169987670430015e+00,-1.993016599118983656e+00,6.041466006621743823e+00
-2.255118857182742964e+00,-1.837782393311087725e+00,5.929938236459125100e+00
-2.981042934143705470e+00,-2.107201819778181218e+00,6.051001630913231288e+00
-2.269165712904106957e+00,-1.630393204581031652e+00,5.562499699143359955e+00
-2.073772201276209870e+00,-2.133206205001409561e+00,7.227446462841321306e+00
-2.267806682322769163e+00,-1.675254354621384278e+00,5.645387288069879439e+00
-2.157008957218407019e+00,-3.267503072185871993e+00,8.410227892504554603e+00
-2.524547571235144616e+00,-2.531640078207185063e+00,6.935259724700507888e+00
-2.419311191446875231e+00,-2.896900536815153693e+00,7.621682860932540216e+00
-2.546033932079285300e+00,-1.980518020446401906e+00,6.013647967384291526e+00
-2.135751094391937777e+00,-1.869100351957012185e+00,6.035217256297809918e+00
-2.183400045557366997e+00,-2.664636446529178304e+00,7.372275605496725781e+00
-2.736222966762008380e+00,-2.857763620723600795e+00,7.398335455753459300e+00
-2.421244072038358119e+00,-2.884096107364615413e+00,7.611890640321695045e+00
-2.731179727209933628e+00,-2.181421197146322655e+00,6.281781166967984831e+00
-2.554407707378754555e+00,-1.302019846818888160e+00,5.413350528400244777e+00
-2.307675707819925481e+00,-1.947059618096048883e+00,6.091899047066565487e+00
-2.070738312168518114e+00,-1.914929082977957941e+00,6.152254910073575722e+00
-2.197905733856416965e+00,-1.876603592859649172e+00,6.015403652228067166e+00
-2.093115005414789564e+00,-2.216864797327971370e+00,7.573738069947075324e+00
-2.488810208201460039e+00,-2.374862128698226105e+00,6.714427675248832550e+00
-2.934353429252207324e+00,-2.969967607817571853e+00,7.490193695210352942e+00
-2.229986795090336926e+00,-2.352628078074851636e+00,6.813436865026596401e+00
-2.204929237732097036e+00,-1.571909915521612744e+00,5.524311632911173220e+00
-2.495599763683960859e+00,-2.886473077568121326e+00,7.573482921338019480e+00
-2.123814845701319509e+00,-1.854352328266009708e+00,6.015593176674825848e+00
-2.094058871065442418e+00,-1.950559824386893348e+00,6.200237969228836299e+00
-2.484911094325280345e+00,-2.932681040141853046e+00,7.669590309415928786e+00
-2.525087709108770895e+00,-2.960035884099932346e+00,7.686999493689081753e+00
-2.573072492853888171e+00,-1.294372253275582807e+00,5.432170583923516816e+00
-2.177192881050218354e+00,-1.803873850916267729e+00,5.899538432914291697e+00
-2.179718190306512593e+00,-1.668181808337941163e+00,5.690825072238235194e+00
-2.454370478011161705e+00,-2.061813938094670728e+00,6.196393480719886604e+00
-2.183400045557366997e+00,-2.664636446529178304e+00,7.372275605496725781e+00
-2.687558584632708136e+00,-2.369689846514846820e+00,6.605691092512421925e+00
-2.981782450210545665e+00,-2.509145873348317846e+00,6.698676310226645114e+00
-2.164633750093244213e+00,-1.560711511432713472e+00,5.504816651683132278e+00
-2.111129169005017570e+00,-1.456197737849028728e+00,6.211378078731480734e+00
-2.725543128063677933e+00,-3.066257356438150339e+00,7.768614531853529570e+00
-2.307991277820094833e+00,-1.563355995672283782e+00,5.445194749032010506e+00
-2.911165203726561845e+00,-2.873190317601058918e+00,7.352414115075016632e+00
-2.475463513215183653e+00,-1.966048673751813025e+00,6.043113800862964347e+00
-2.534419366472526747e+00,-2.492318413951805312e+00,6.884510443234368005e+00
-2.152706736153826128e+00,-1.899381340975687449e+00,6.074433179177367137e+00
-2.268385398367529060e+00,-2.539181045271509785e+00,7.103199839965232520e+00
-2.103517952291749538e+00,-1.750220083192713716e+00,6.763110278747755721e+00
-2.960235596583848494e+00,-2.492960663837054724e+00,6.701222060960978055e+00
-2.938435091272676214e+00,-2.464514051579981935e+00,6.647647006970099248e+00
-2.149131759644720141e+00,-1.893753546367879181e+00,6.078944230030000284e+00
-2.095270771787374198e+00,-1.642532471628931567e+00,6.445134825840787229e+00
-2.505721907858646791e+00,-1.209844028379352121e+00,5.438218919407276530e+00
-2.097885916098249037e+00,-2.200365498029570599e+00,6.622562975433138988e+00
-2.253614976200858599e+00,-2.616757166629911424e+00,7.239043190800730443e+00
-2.727250816236823638e+00,-2.406014778475628280e+00,6.644841074517767510e+00
-2.666292616621032341e+00,-2.719298102900396863e+00,7.210570035923217880e+00
